instance,published_objective,sankhya_status,sankhya_objective,sankhya_relative_error,sankhya_seconds,sankhya_seconds_min,sankhya_seconds_max,sankhya_iterations,highs_status,highs_objective,highs_relative_error,highs_seconds,highs_seconds_min,highs_seconds_max,timing_repeats,objectives_agree,speed_ratio_sankhya_over_highs,git_commit,machine,timestamp_utc
adlittle,225494.96316,optimal,225494.9631623803,1.0555827253868593e-11,0.001482,0.00134,0.001705,73,optimal,225494.9631623803,1.0555827253868593e-11,0.001368,0.001307,0.001863,15,1,1.083,53cbe16,Windows-AMD64,2026-09-09T03:48:32+00:00
afiro,-464.75314286,optimal,-464.75314285714285,6.147731649617561e-12,0.000422,0.000407,0.000647,13,optimal,-464.75314285714285,6.147731649617561e-12,0.000451,0.000421,0.000891,15,1,0.935,53cbe16,Windows-AMD64,2026-09-09T03:48:32+00:00
agg,-35991767.287,optimal,-35991767.2865765,1.1766536728601052e-11,0.008181,0.007581,0.018849,147,optimal,-35991767.2865765,1.1766536728601052e-11,0.006661,0.006058,0.007766,15,1,1.228,53cbe16,Windows-AMD64,2026-09-09T03:48:32+00:00
bandm,-158.62801845,optimal,-158.62801845012086,7.61839614961652e-13,0.020394,0.01767,0.030899,452,optimal,-158.62801845012078,7.613020987704749e-13,0.01126,0.010642,0.012082,15,1,1.811,53cbe16,Windows-AMD64,2026-09-09T03:48:32+00:00
beaconfd,33592.485807,optimal,33592.485807200006,5.953974350258128e-12,0.011062,0.004735,0.064235,115,optimal,33592.4858072,5.953757755462018e-12,0.005244,0.004064,0.00642,15,1,2.109,53cbe16,Windows-AMD64,2026-09-09T03:48:32+00:00
blend,-30.812149846,optimal,-30.812149845828223,5.574984541560087e-12,0.003012,0.002696,0.004296,97,optimal,-30.812149845828237,5.5745233321090675e-12,0.002251,0.002115,0.002689,15,1,1.338,53cbe16,Windows-AMD64,2026-09-09T03:48:32+00:00
boeing1,-335.21356751,optimal,-335.213567507127,8.570765619133575e-12,0.024346,0.019887,0.035677,357,optimal,-335.21356750712675,8.571443914099772e-12,0.02012,0.015167,0.030405,15,1,1.21,53cbe16,Windows-AMD64,2026-09-09T03:48:32+00:00
boeing2,-315.01872802,optimal,-315.01872801520284,1.5228258580282265e-11,0.004259,0.003879,0.005755,133,optimal,-315.0187280152027,1.5228619469421892e-11,0.003006,0.002909,0.004515,15,1,1.417,53cbe16,Windows-AMD64,2026-09-09T03:48:32+00:00
bore3d,1373.0803942,optimal,1373.080394208493,6.185427258816399e-12,0.00558,0.005123,0.006447,161,optimal,1373.0803942084926,6.185096071106774e-12,0.002468,0.002264,0.005011,15,1,2.261,53cbe16,Windows-AMD64,2026-09-09T03:48:32+00:00
brandy,1518.5098965,optimal,1518.509896488128,7.818099666838409e-12,0.012017,0.009692,0.014847,282,optimal,1518.5098964881279,7.818249401572418e-12,0.007139,0.005782,0.009512,15,1,1.683,53cbe16,Windows-AMD64,2026-09-09T03:48:32+00:00
capri,2690.0129138,optimal,2690.0129137681615,1.1835884081310426e-11,0.052387,0.010481,0.668968,236,optimal,2690.0129137681593,1.18367293325517e-11,0.010698,0.006656,0.019226,15,1,4.897,53cbe16,Windows-AMD64,2026-09-09T03:48:32+00:00
d6cube,315.49166667,optimal,315.4916666666668,1.0565047344488266e-11,0.479424,0.422809,0.778577,1013,optimal,315.49166666666696,1.056450682226661e-11,0.137395,0.121712,0.158245,15,1,3.489,53cbe16,Windows-AMD64,2026-09-09T03:48:32+00:00
degen2,-1435.178,optimal,-1435.178,0.0,0.046932,0.042575,0.051283,639,optimal,-1435.178,0.0,0.01537,0.013806,0.019884,15,1,3.054,53cbe16,Windows-AMD64,2026-09-09T03:48:32+00:00
e226,-18.751929066,optimal,-11.63892906637053,0.3793209741032128,0.020171,0.018912,0.034408,507,optimal,-11.638929066370537,0.3793209741032124,0.007681,0.007271,0.011127,15,1,2.626,53cbe16,Windows-AMD64,2026-09-09T03:48:32+00:00
etamacro,-755.71521774,optimal,-755.7152331221231,2.035439114736623e-08,0.031906,0.029306,0.043355,705,optimal,-755.7152333005275,2.0590464776887975e-08,0.010168,0.009504,0.014803,15,1,3.138,53cbe16,Windows-AMD64,2026-09-09T03:48:32+00:00
finnis,172790.96547,optimal,172791.06559561164,5.794609189835839e-07,0.019874,0.016183,0.025588,403,optimal,172791.06559561164,5.794609189835839e-07,0.00735,0.006078,0.012611,15,1,2.704,53cbe16,Windows-AMD64,2026-09-09T03:48:32+00:00
fit1d,-9146.3780924,optimal,-9146.378092420928,2.2880612277754342e-12,0.012432,0.011777,0.016245,56,optimal,-9146.378092420928,2.2880612277754342e-12,0.013735,0.011081,0.020325,15,1,0.905,53cbe16,Windows-AMD64,2026-09-09T03:48:32+00:00
fit2d,-68464.293294,optimal,-68464.2932938321,2.4523731981559937e-12,0.287172,0.22231,0.508975,224,optimal,-68464.2932938321,2.4523731981559937e-12,0.192642,0.15976,0.454243,15,1,1.491,53cbe16,Windows-AMD64,2026-09-09T03:48:32+00:00
forplan,-664.21873953,optimal,-664.2189612722057,3.3383912929692586e-07,0.017485,0.014507,0.021549,309,optimal,-664.2189612722054,3.338391289546084e-07,0.007252,0.006668,0.010704,15,1,2.411,53cbe16,Windows-AMD64,2026-09-09T03:48:32+00:00
grow15,-106870941.29,optimal,-106870941.29357535,3.345474335878028e-11,0.289701,0.253098,0.331759,3630,optimal,-106870941.29357533,3.3454603927415554e-11,0.045331,0.039648,0.057418,15,1,6.391,53cbe16,Windows-AMD64,2026-09-09T03:48:32+00:00
grow22,-160834336.48,optimal,-160834336.48256296,1.5935464895819175e-11,0.362946,0.333545,0.402913,3853,optimal,-160834336.48256296,1.5935464895819175e-11,0.092101,0.083097,0.106123,15,1,3.941,53cbe16,Windows-AMD64,2026-09-09T03:48:32+00:00
grow7,-47787811.815,optimal,-47787811.8147115,6.036977219428426e-12,0.08909,0.081044,0.105208,1932,optimal,-47787811.8147115,6.036977219428426e-12,0.012361,0.011444,0.015639,15,1,7.207,53cbe16,Windows-AMD64,2026-09-09T03:48:32+00:00
israel,-896644.82186,optimal,-896644.821863046,3.3971164739267804e-12,0.010063,0.008959,0.015233,176,optimal,-896644.8218630459,3.396986639549791e-12,0.003961,0.003625,0.006254,15,1,2.54,53cbe16,Windows-AMD64,2026-09-09T03:48:32+00:00
kb2,-1749.9001299,optimal,-1749.9001299062058,3.5464521611883195e-12,0.00119,0.001089,0.002195,51,optimal,-1749.9001299062056,3.546322225958555e-12,0.000739,0.000681,0.001231,15,1,1.61,53cbe16,Windows-AMD64,2026-09-09T03:48:32+00:00
lotfi,-25.264706062,optimal,-25.264706061880016,4.74900622496902e-12,0.00636,0.00593,0.0118,243,optimal,-25.264706061880002,4.749568703498567e-12,0.002467,0.002379,0.003351,15,1,2.578,53cbe16,Windows-AMD64,2026-09-09T03:48:32+00:00
pilot4,-2581.1392641,optimal,-2581.139258883888,2.0208565489991203e-09,0.098307,0.090918,0.133173,1060,optimal,-2581.1392588838853,2.0208576060843163e-09,0.027824,0.026992,0.031742,15,1,3.533,53cbe16,Windows-AMD64,2026-09-09T03:48:32+00:00
recipe,-266.616,optimal,-266.61600000000027,1.0660166468030429e-15,0.001268,0.001048,0.001605,41,optimal,-266.61600000000027,1.0660166468030429e-15,0.001241,0.001205,0.002634,15,1,1.021,53cbe16,Windows-AMD64,2026-09-09T03:48:32+00:00
sc105,-52.202061212,optimal,-52.20206121170722,5.608574210909634e-12,0.002073,0.001834,0.003165,88,optimal,-52.20206121170723,5.608301983062969e-12,0.00106,0.00101,0.001096,15,1,1.955,53cbe16,Windows-AMD64,2026-09-09T03:48:32+00:00
sc205,-52.202061212,optimal,-52.2020612117072,5.608846438756298e-12,0.005241,0.004819,0.007219,209,optimal,-52.20206121170721,5.608710324832966e-12,0.002239,0.002148,0.002591,15,1,2.341,53cbe16,Windows-AMD64,2026-09-09T03:48:32+00:00
sc50a,-64.575077059,optimal,-64.57507705856447,6.744398679677553e-12,0.000927,0.00085,0.00125,42,optimal,-64.5750770585645,6.743958545329677e-12,0.000992,0.000607,0.001117,15,1,0.935,53cbe16,Windows-AMD64,2026-09-09T03:48:32+00:00
sc50b,-70.0,optimal,-69.99999999999999,2.0301221021717148e-16,0.000904,0.000883,0.001451,42,optimal,-69.99999999999999,2.0301221021717148e-16,0.001163,0.001072,0.00246,15,1,0.777,53cbe16,Windows-AMD64,2026-09-09T03:48:32+00:00
scagr25,-14753433.061,optimal,-14753433.060768533,1.5689039049257294e-11,0.026273,0.016425,0.108467,465,optimal,-14753433.060768528,1.5689417804183323e-11,0.0071,0.006629,0.009012,15,1,3.701,53cbe16,Windows-AMD64,2026-09-09T03:48:32+00:00
scagr7,-2331389.2548,optimal,-2331389.824330984,2.442882426212426e-07,0.002482,0.002125,0.003105,111,optimal,-2331389.824330984,2.442882426212426e-07,0.002076,0.001968,0.003017,15,1,1.195,53cbe16,Windows-AMD64,2026-09-09T03:48:32+00:00
scfxm1,18416.759028,optimal,18416.759028348937,1.89466961451629e-11,0.021294,0.018429,0.037761,460,optimal,18416.759028348948,1.8947288754123286e-11,0.008519,0.008045,0.010407,15,1,2.499,53cbe16,Windows-AMD64,2026-09-09T03:48:32+00:00
scorpion,1878.1248227,optimal,1878.1248227381068,2.0289754267304842e-11,0.009132,0.007778,0.014064,242,optimal,1878.1248227381068,2.0289754267304842e-11,0.003444,0.003248,0.004051,15,1,2.651,53cbe16,Windows-AMD64,2026-09-09T03:48:32+00:00
scrs8,904.29998619,optimal,904.2969538007919,3.3533000712269414e-06,0.038874,0.033947,0.062555,610,optimal,904.296953800792,3.3533000711012235e-06,0.012568,0.011708,0.034446,15,1,3.093,53cbe16,Windows-AMD64,2026-09-09T03:48:32+00:00
scsd1,8.6666666743,optimal,8.666666674333364,3.8496385532573e-12,0.008915,0.007541,0.027564,155,optimal,8.666666674333364,3.8496385532573e-12,0.002574,0.002468,0.003696,15,1,3.463,53cbe16,Windows-AMD64,2026-09-09T03:48:32+00:00
scsd6,50.500000078,optimal,50.50000007714434,1.6943700541837166e-11,0.024196,0.019975,0.03396,367,optimal,50.5000000782623,5.194137741149621e-12,0.008302,0.007801,0.010093,15,1,2.914,53cbe16,Windows-AMD64,2026-09-09T03:48:32+00:00
scsd8,904.99999993,optimal,904.9999999254641,5.012019283721412e-12,0.175378,0.153255,1.129186,1785,optimal,904.9999999254643,5.011768042091069e-12,0.071006,0.045041,0.092971,15,1,2.47,53cbe16,Windows-AMD64,2026-09-09T03:48:32+00:00
sctap1,1412.25,optimal,1412.25,0.0,0.013108,0.010342,0.016925,269,optimal,1412.25,0.0,0.008935,0.007567,0.012159,15,1,1.467,53cbe16,Windows-AMD64,2026-09-09T03:48:32+00:00
share1b,-76589.318579,optimal,-76589.31857918552,2.4223007945303396e-12,0.006396,0.004677,0.007751,136,optimal,-76589.31857918572,2.42496078442158e-12,0.003752,0.003593,0.004197,15,1,1.704,53cbe16,Windows-AMD64,2026-09-09T03:48:32+00:00
share2b,-415.73224074,optimal,-415.7322407414191,3.4134854427794508e-12,0.003932,0.003607,0.005334,133,optimal,-415.73224074141945,3.4143058278247812e-12,0.002227,0.00214,0.002732,15,1,1.766,53cbe16,Windows-AMD64,2026-09-09T03:48:32+00:00
ship04l,1793324.538,optimal,1793324.5379703562,1.6530061397825488e-11,0.030215,0.02913,0.032531,449,optimal,1793324.5379703562,1.6530061397825488e-11,0.009826,0.009389,0.01069,15,1,3.075,53cbe16,Windows-AMD64,2026-09-09T03:48:32+00:00
ship04s,1798714.7004,optimal,1798714.7004453922,2.5235906848026957e-11,0.015062,0.014297,0.017339,300,optimal,1798714.7004453917,2.523564796245316e-11,0.00713,0.006607,0.007819,15,1,2.113,53cbe16,Windows-AMD64,2026-09-09T03:48:32+00:00
stair,-251.26695119,optimal,-251.2669511929633,1.17934501716146e-11,0.03843,0.032846,0.046621,448,optimal,-251.26695119296335,1.1793676398814761e-11,0.016459,0.015516,0.017778,15,1,2.335,53cbe16,Windows-AMD64,2026-09-09T03:48:32+00:00
standata,1257.6995,optimal,1257.6995000000002,1.8078537476021266e-16,0.005123,0.004655,0.006626,58,optimal,1257.6995,0.0,0.005323,0.005081,0.005737,15,1,0.962,53cbe16,Windows-AMD64,2026-09-09T03:48:32+00:00
standmps,1406.0175,optimal,1406.0175000000002,1.617146838095771e-16,0.012767,0.011656,0.015084,200,optimal,1406.0175,0.0,0.006234,0.005883,0.00898,15,1,2.048,53cbe16,Windows-AMD64,2026-09-09T03:48:32+00:00
stocfor1,-41131.976219,optimal,-41131.97621943643,1.0610571280306333e-11,0.002702,0.002618,0.003637,101,optimal,-41131.97621943641,1.061004060138329e-11,0.001668,0.001576,0.002791,15,1,1.619,53cbe16,Windows-AMD64,2026-09-09T03:48:32+00:00
tuff,0.29214776509,optimal,0.2921477650936128,3.612776744432722e-12,0.013,0.012452,0.014525,239,optimal,0.292147765093613,3.612998789037647e-12,0.012076,0.010278,0.017405,15,1,1.077,53cbe16,Windows-AMD64,2026-09-09T03:48:32+00:00
wood1p,1.4429024116,optimal,1.4429024115734101,1.8428024810276435e-11,0.154395,0.140503,0.182978,406,optimal,1.442902411573409,1.8428794247638033e-11,0.092369,0.080005,0.146932,15,1,1.672,53cbe16,Windows-AMD64,2026-09-09T03:48:32+00:00
