instance,published_objective,sankhya_status,sankhya_objective,sankhya_relative_error,sankhya_seconds,sankhya_iterations,highs_status,highs_objective,highs_relative_error,highs_seconds,objectives_agree,speed_ratio_sankhya_over_highs,git_commit,machine,timestamp_utc
adlittle,225494.96316,optimal,225494.96316238042,1.055634351959886e-11,0.003857,158,optimal,225494.9631623803,1.0555827253868593e-11,0.012662,1,0.305,a90db47,Windows-AMD64,2026-08-26T19:59:07+00:00
afiro,-464.75314286,optimal,-464.75314285714285,6.147731649617561e-12,0.000808,16,optimal,-464.75314285714285,6.147731649617561e-12,0.002825,1,0.286,a90db47,Windows-AMD64,2026-08-26T19:59:07+00:00
agg,-35991767.287,optimal,-35991767.28657649,1.1766950744425143e-11,0.034211,141,optimal,-35991767.2865765,1.1766536728601052e-11,0.013531,1,2.528,a90db47,Windows-AMD64,2026-08-26T19:59:07+00:00
bandm,-158.62801845,optimal,-158.62801845012072,7.609437546430236e-13,0.049344,574,optimal,-158.62801845012078,7.613020987704749e-13,0.018033,1,2.736,a90db47,Windows-AMD64,2026-08-26T19:59:07+00:00
beaconfd,33592.485807,optimal,33592.4858072,5.953757755462018e-12,0.004573,96,optimal,33592.4858072,5.953757755462018e-12,0.00608,1,0.752,a90db47,Windows-AMD64,2026-08-26T19:59:07+00:00
blend,-30.812149846,optimal,-30.812149845828237,5.5745233321090675e-12,0.009381,337,optimal,-30.812149845828237,5.5745233321090675e-12,0.004545,1,2.064,a90db47,Windows-AMD64,2026-08-26T19:59:07+00:00
boeing1,-335.21356751,optimal,-335.21356750712687,8.571104766616673e-12,0.029006,760,optimal,-335.21356750712675,8.571443914099772e-12,0.028384,1,1.022,a90db47,Windows-AMD64,2026-08-26T19:59:07+00:00
boeing2,-315.01872802,optimal,-315.0187280152028,1.522843902485208e-11,0.005031,208,optimal,-315.0187280152027,1.5228619469421892e-11,0.006764,1,0.744,a90db47,Windows-AMD64,2026-08-26T19:59:07+00:00
bore3d,1373.0803942,optimal,1373.0803942085097,6.197515610217722e-12,0.007897,167,optimal,1373.0803942084926,6.185096071106774e-12,0.005476,1,1.442,a90db47,Windows-AMD64,2026-08-26T19:59:07+00:00
brandy,1518.5098965,optimal,1518.509896488128,7.818099666838409e-12,0.015444,323,optimal,1518.5098964881279,7.818249401572418e-12,0.013203,1,1.17,a90db47,Windows-AMD64,2026-08-26T19:59:07+00:00
capri,2690.0129138,optimal,2690.012913768161,1.1836053131558681e-11,0.019844,458,optimal,2690.0129137681593,1.18367293325517e-11,0.007508,1,2.643,a90db47,Windows-AMD64,2026-08-26T19:59:07+00:00
d6cube,315.49166667,numerical_error,1.0,0.9968303441718288,1.830632,5230,optimal,315.49166666666696,1.056450682226661e-11,0.463396,0,3.95,a90db47,Windows-AMD64,2026-08-26T19:59:07+00:00
degen2,-1435.178,optimal,-1435.178,0.0,0.63965,1495,optimal,-1435.178,0.0,0.052622,1,12.156,a90db47,Windows-AMD64,2026-08-26T19:59:07+00:00
e226,-18.751929066,optimal,-11.638929066370535,0.3793209741032125,0.028435,592,optimal,-11.638929066370537,0.3793209741032124,0.028709,1,0.99,a90db47,Windows-AMD64,2026-08-26T19:59:07+00:00
etamacro,-755.71521774,feasible,-755.7152331580163,2.040188682770043e-08,0.036974,661,optimal,-755.7152333005275,2.0590464776887975e-08,0.038603,1,0.958,a90db47,Windows-AMD64,2026-08-26T19:59:07+00:00
finnis,172790.96547,optimal,172791.0655956116,5.794609188151501e-07,0.039054,643,optimal,172791.06559561164,5.794609189835839e-07,0.020974,1,1.862,a90db47,Windows-AMD64,2026-08-26T19:59:07+00:00
fit1d,-9146.3780924,optimal,-9146.37809242094,2.2894533554237983e-12,0.079271,1622,optimal,-9146.378092420928,2.2880612277754342e-12,0.043658,1,1.816,a90db47,Windows-AMD64,2026-08-26T19:59:07+00:00
fit2d,-68464.293294,optimal,-68464.29329383251,2.4464218678085877e-12,27.962125,30210,optimal,-68464.2932938321,2.4523731981559937e-12,0.715389,1,39.087,a90db47,Windows-AMD64,2026-08-26T19:59:07+00:00
forplan,-664.21873953,optimal,-664.2189612722058,3.338391294680846e-07,0.173634,315,optimal,-664.2189612722054,3.338391289546084e-07,0.052414,1,3.313,a90db47,Windows-AMD64,2026-08-26T19:59:07+00:00
grow15,-106870941.29,numerical_error,0.0,1.0,0.220664,577,optimal,-106870941.29357533,3.3454603927415554e-11,0.176005,0,1.254,a90db47,Windows-AMD64,2026-08-26T19:59:07+00:00
grow22,-160834336.48,optimal,-160834336.4825622,1.5930832439367408e-11,0.396499,1246,optimal,-160834336.48256296,1.5935464895819175e-11,0.39482,1,1.004,a90db47,Windows-AMD64,2026-08-26T19:59:07+00:00
grow7,-47787811.815,numerical_error,-47787811.81471119,6.043525424361562e-12,0.033645,297,optimal,-47787811.8147115,6.036977219428426e-12,0.04557,1,0.738,a90db47,Windows-AMD64,2026-08-26T19:59:07+00:00
israel,-896644.82186,optimal,-896644.8218630463,3.397376142680759e-12,0.044679,251,optimal,-896644.8218630459,3.396986639549791e-12,0.015607,1,2.863,a90db47,Windows-AMD64,2026-08-26T19:59:07+00:00
kb2,-1749.9001299,optimal,-1749.900129906206,3.546582096418084e-12,0.002919,71,optimal,-1749.9001299062056,3.546322225958555e-12,0.003339,1,0.874,a90db47,Windows-AMD64,2026-08-26T19:59:07+00:00
lotfi,-25.264706062,optimal,-25.26470606188002,4.7488656053366325e-12,0.018153,261,optimal,-25.264706061880002,4.749568703498567e-12,0.011991,1,1.514,a90db47,Windows-AMD64,2026-08-26T19:59:07+00:00
pilot4,-2581.1392641,numerical_error,0.0,1.0,0.271134,998,optimal,-2581.1392588838853,2.0208576060843163e-09,0.153969,0,1.761,a90db47,Windows-AMD64,2026-08-26T19:59:07+00:00
recipe,-266.616,optimal,-266.61600000000027,1.0660166468030429e-15,0.002808,49,optimal,-266.61600000000027,1.0660166468030429e-15,0.006054,1,0.464,a90db47,Windows-AMD64,2026-08-26T19:59:07+00:00
sc105,-52.202061212,optimal,-52.2020612117072,5.608846438756298e-12,0.010939,107,optimal,-52.20206121170723,5.608301983062969e-12,0.006175,1,1.771,a90db47,Windows-AMD64,2026-08-26T19:59:07+00:00
sc205,-52.202061212,optimal,-52.202061211707225,5.608438096986301e-12,0.026851,255,optimal,-52.20206121170721,5.608710324832966e-12,0.009007,1,2.981,a90db47,Windows-AMD64,2026-08-26T19:59:07+00:00
sc50a,-64.575077059,optimal,-64.57507705856447,6.744398679677553e-12,0.002393,46,optimal,-64.5750770585645,6.743958545329677e-12,0.002915,1,0.821,a90db47,Windows-AMD64,2026-08-26T19:59:07+00:00
sc50b,-70.0,optimal,-70.00000000000003,4.0602442043434295e-16,0.002547,50,optimal,-69.99999999999999,2.0301221021717148e-16,0.003641,1,0.699,a90db47,Windows-AMD64,2026-08-26T19:59:07+00:00
scagr25,-14753433.061,optimal,-14753433.060768528,1.5689417804183323e-11,0.136372,591,optimal,-14753433.060768528,1.5689417804183323e-11,0.028055,1,4.861,a90db47,Windows-AMD64,2026-08-26T19:59:07+00:00
scagr7,-2331389.2548,optimal,-2331389.8243309837,2.4428824242150705e-07,0.005212,159,optimal,-2331389.824330984,2.442882426212426e-07,0.014766,1,0.353,a90db47,Windows-AMD64,2026-08-26T19:59:07+00:00
scfxm1,18416.759028,optimal,18416.759028348937,1.89466961451629e-11,0.064656,648,optimal,18416.759028348948,1.8947288754123286e-11,0.034496,1,1.874,a90db47,Windows-AMD64,2026-08-26T19:59:07+00:00
scorpion,1878.1248227,optimal,1878.124822738107,2.0289875331502864e-11,0.015067,323,optimal,1878.1248227381068,2.0289754267304842e-11,0.012557,1,1.2,a90db47,Windows-AMD64,2026-08-26T19:59:07+00:00
scrs8,904.29998619,optimal,904.2969538007918,3.3533000713526593e-06,0.071155,645,optimal,904.296953800792,3.3533000711012235e-06,0.043099,1,1.651,a90db47,Windows-AMD64,2026-08-26T19:59:07+00:00
scsd1,8.6666666743,optimal,8.666666674333364,3.8496385532573e-12,0.026459,534,optimal,8.666666674333364,3.8496385532573e-12,0.012289,1,2.153,a90db47,Windows-AMD64,2026-08-26T19:59:07+00:00
scsd6,50.500000078,optimal,50.50000007826238,5.1956854579974005e-12,0.073753,627,optimal,50.5000000782623,5.194137741149621e-12,0.030154,1,2.446,a90db47,Windows-AMD64,2026-08-26T19:59:07+00:00
scsd8,904.99999993,optimal,904.9999999254647,5.011265558830382e-12,0.137363,926,optimal,904.9999999254643,5.011768042091069e-12,0.172089,1,0.798,a90db47,Windows-AMD64,2026-08-26T19:59:07+00:00
sctap1,1412.25,optimal,1412.25,0.0,0.024681,303,optimal,1412.25,0.0,0.024195,1,1.02,a90db47,Windows-AMD64,2026-08-26T19:59:07+00:00
share1b,-76589.318579,optimal,-76589.31857918552,2.4223007945303396e-12,0.004544,207,optimal,-76589.31857918572,2.42496078442158e-12,0.013642,1,0.333,a90db47,Windows-AMD64,2026-08-26T19:59:07+00:00
share2b,-415.73224074,optimal,-415.7322407414174,3.409383517552798e-12,0.004588,114,optimal,-415.73224074141945,3.4143058278247812e-12,0.009426,1,0.487,a90db47,Windows-AMD64,2026-08-26T19:59:07+00:00
ship04l,1793324.538,optimal,1793324.537970356,1.6530191229676178e-11,0.061693,511,optimal,1793324.5379703562,1.6530061397825488e-11,0.034003,1,1.814,a90db47,Windows-AMD64,2026-08-26T19:59:07+00:00
ship04s,1798714.7004,optimal,1798714.7004453922,2.5235906848026957e-11,0.035062,385,optimal,1798714.7004453917,2.523564796245316e-11,0.025923,1,1.353,a90db47,Windows-AMD64,2026-08-26T19:59:07+00:00
stair,-251.26695119,optimal,-251.26695119299632,1.1924888174908381e-11,1.623179,978,optimal,-251.26695119296335,1.1793676398814761e-11,0.0592,1,27.418,a90db47,Windows-AMD64,2026-08-26T19:59:07+00:00
standata,1257.6995,optimal,1257.6995,0.0,0.010901,53,optimal,1257.6995,0.0,0.021981,1,0.496,a90db47,Windows-AMD64,2026-08-26T19:59:07+00:00
standmps,1406.0175,optimal,1406.0175,0.0,0.018452,193,optimal,1406.0175,0.0,0.023528,1,0.784,a90db47,Windows-AMD64,2026-08-26T19:59:07+00:00
stocfor1,-41131.976219,optimal,-41131.976219436416,1.0610217494357637e-11,0.004899,68,optimal,-41131.97621943641,1.061004060138329e-11,0.007227,1,0.678,a90db47,Windows-AMD64,2026-08-26T19:59:07+00:00
tuff,0.29214776509,numerical_error,0.0,0.29214776509,0.192265,1001,optimal,0.292147765093613,3.612998789037647e-12,0.035277,0,5.45,a90db47,Windows-AMD64,2026-08-26T19:59:07+00:00
wood1p,1.4429024116,numerical_error,0.0,1.0,0.795022,1000,optimal,1.442902411573409,1.8428794247638033e-11,0.276466,0,2.876,a90db47,Windows-AMD64,2026-08-26T19:59:07+00:00
