instance,instance_sha256,rows,columns,nonzeros,integer_columns,status,message,our_objective,published_objective,dual_bound,absolute_gap,relative_gap,matched_published,proved_optimal,independently_verified,nodes,wall_seconds,solver_seconds,git_commit,machine,timestamp_utc
b-ball,67c5cb2dc43704d11f456537f6a951cb8d5bfb6d74c90fb1827a3bc34abf3586,30,100,209,88,feasible,stopped at the time limit after 60.00s and 38096 nodes,-1.5000000000000004,-1.50000000000001,-1.818181818181819,0.31818181818181857,0.21212121212121232,1,0,1,38096,60.057435,60.0013553,410789c,Windows-AMD64,2026-08-30T12:22:14+00:00
ej,8a427d75008db853496fc29759c11bb77fddd5e0a0934601710f95a0a1935b00,1,3,3,3,feasible,stopped at the time limit after 60.00s and 70341 nodes,51015.0,25508.0,1.0,51014.0,0.9999803979221797,0,0,1,70341,60.053655,60.0016193,410789c,Windows-AMD64,2026-08-30T12:22:14+00:00
enlight8,012d661241f3ef70a7ae28d89408a030ed0b7c538ccbd1e0d820af49fd7397a3,64,128,352,128,node_limit,stopped at the time limit after 60.00s and 35778 nodes,inf,27.0,23.0,inf,inf,0,0,,35778,60.064240,60.0011692,410789c,Windows-AMD64,2026-08-30T12:22:14+00:00
enlight_hard,942168c2126a2a91ae3ec1ededea59bc1af0cad55f94223edf4c03d20e831f66,100,200,560,200,node_limit,stopped at the time limit after 60.00s and 25638 nodes,inf,37.0,19.0,inf,inf,0,0,,25638,60.055402,60.0011938,410789c,Windows-AMD64,2026-08-30T12:22:14+00:00
f2gap40400,f592e8d127e1f3c5d36d65b05ddcb88ad5bf34d23de7e22941fd050221314a74,40,400,800,400,optimal,,20772.0,20771.99999999983,20772.0,0.0,0.0,1,1,1,509,2.639719,2.5966873,410789c,Windows-AMD64,2026-08-30T12:22:14+00:00
flugpl,d0b817caf496c95336f64815a740d6a54db1e37924785fcfd3c5da3ee6a15640,18,18,46,11,feasible,"stopped on a relative gap target (1.050e+02 absolute, 8.739e-05 relative) after 1323 nodes",1201500.0,1201500.0,1201395.0,105.0,8.739076154806491e-05,1,0,1,1323,0.096642,0.0647018,410789c,Windows-AMD64,2026-08-30T12:22:14+00:00
gen-ip016,ba1599099bccf0cf78cbc7e4c181f03a3af877b1ba596dac67ad296c81220bee,24,28,672,28,feasible,stopped at the time limit after 60.00s and 63830 nodes,-9430.730724407998,-9476.155197,-9501.301078312083,70.57035390408419,0.00748302077180919,0,0,1,63830,60.039056,60.003655,410789c,Windows-AMD64,2026-08-30T12:22:14+00:00
gen-ip054,b5089ebc97c43bd583fcadf30955b8800861044d632d747c0b7ac73f19b9e6f3,27,30,532,30,feasible,stopped at the time limit after 60.00s and 71695 nodes,6872.821391197999,6840.96564179,6781.322861568772,91.49852962922705,0.013313095804644208,0,0,1,71695,60.039542,60.0017581,410789c,Windows-AMD64,2026-08-30T12:22:14+00:00
gr4x6,ecb539938284a6453b8b94f47dfdd88d635e47cfd2977365f7246bb62ed562c7,34,48,96,24,optimal,,202.34999999999997,202.3499999999979,202.34999999999997,0.0,0.0,1,1,1,142,0.068332,0.0436024,410789c,Windows-AMD64,2026-08-30T12:22:14+00:00
gt2,67e1ac3d5504e6b033cecd78b66091e3b64952a90147613d7c87e9652422a005,29,188,376,188,feasible,stopped at the time limit after 60.00s and 119004 nodes,32523.0,21165.99999999978,13959.174244743319,18563.82575525668,0.5707906944395252,0,0,1,119004,60.025265,60.0012462,410789c,Windows-AMD64,2026-08-30T12:22:14+00:00
k16x240b,9419777aed4f6f709363418843c01d447253f8545ab886dda1834c98f82bed71,256,480,960,240,feasible,stopped at the time limit after 60.00s and 29929 nodes,12512.0,11392.99999884458,6564.927,5947.073,0.4753095428388747,0,0,1,29929,60.031212,60.0023766,410789c,Windows-AMD64,2026-08-30T12:22:14+00:00
markshare1,83516aa1a1d503f01fcea273586406486623370158a119164bd2ffa3594d4752,6,62,312,50,feasible,stopped at the time limit after 60.00s and 142973 nodes,28.0,0.9999999999990905,0.0,28.0,1.0,0,0,1,142973,60.036388,60.0077321,410789c,Windows-AMD64,2026-08-30T12:22:14+00:00
markshare_4_0,1a1feb04f5637db9f69be53bd6224fcd9fe5b8d750870d9b2002b535d25f4353,4,34,123,30,feasible,stopped at the time limit after 60.00s and 203867 nodes,5.0,1.0,0.0,5.0,1.0,0,0,1,203867,60.026540,60.0008933,410789c,Windows-AMD64,2026-08-30T12:22:14+00:00
markshare_5_0,5309e16f917ec25e9f70402a8c039d4595a91c9499f682b1483babfff5f55b4a,5,45,203,40,feasible,stopped at the time limit after 60.00s and 162195 nodes,15.0,1.0,0.0,15.0,1.0,0,0,1,162195,60.027286,60.0012896,410789c,Windows-AMD64,2026-08-30T12:22:14+00:00
neos-1425699,66f7ae93f5715a025ebc2d2ff9b90abdd62b7bd1edefc48307ec38c19d9e722e,89,105,430,85,optimal,,3179698977.0,3179698976.996124,3179698977.0,0.0,0.0,1,1,1,3,0.023086,0.004846,410789c,Windows-AMD64,2026-08-30T12:22:14+00:00
neos-3072252-nete,91c4f0c863a0597d78ae6ad67a22d711f522319eb4365f7d4b9ec6b3102c01d2,432,576,1292,144,feasible,stopped at the time limit after 60.00s and 4559 nodes,13790610.0,11807698.0,10637080.0,3153530.0,0.2286722632283851,0,0,1,4559,60.020336,60.0015332,410789c,Windows-AMD64,2026-08-30T12:22:14+00:00
neos-3611689-kaihu,60004f4ee9cef8f8e7e9d811d5de63e75e6e96b577a54c923ef1971b89a87039,323,421,1014,88,feasible,stopped at the time limit after 60.01s and 6151 nodes,122.00000000000003,119.0,105.00250000000003,16.997500000000002,0.13932377049180328,0,0,1,6151,60.025570,60.0065164,410789c,Windows-AMD64,2026-08-30T12:22:14+00:00
neos-5140963-mincio,cf5cafaab453d0d450f7e654dfc85e0492a1a20d9229c0371158a6cc88b1de4b,184,196,834,183,feasible,stopped at the time limit after 60.00s and 33842 nodes,14817.0,14393.0,11117.666666666668,3699.333333333332,0.24966817394434312,0,0,1,33842,60.021941,60.0009725,410789c,Windows-AMD64,2026-08-30T12:22:14+00:00
neos-5192052-neckar,a683554818c078fca80fe21c0f452463d5d6a051f6898d9da641d5d9f9575906,57,180,545,24,optimal,,-11670000.0,-11670000.0,-11670000.0,0.0,0.0,1,1,1,9,0.030564,0.0036423,410789c,Windows-AMD64,2026-08-30T12:22:14+00:00
neos5,2888e9aeb10a4cf16d3b9ad221302fd3de815ce1454b31e660ebd060589c1072,63,63,2016,53,feasible,stopped at the time limit after 555.33s and 38929 nodes,15.999999999999993,15.0,13.875000000000004,2.1249999999999893,0.1328124999999994,0,0,1,38929,555.376999,555.3291399,410789c,Windows-AMD64,2026-08-30T12:22:14+00:00
noswot,f4ac4805801d06bd12e7f67204101928413f7df27fa347bfca1c918e29bca86b,182,128,735,100,feasible,stopped at the time limit after 60.00s and 86192 nodes,-39.0,-41.00000885,-43.0,4.0,0.10256410256410256,0,0,1,86192,60.445625,60.0015577,410789c,Windows-AMD64,2026-08-30T12:22:14+00:00
opt1217,21f16d1bd1d917a2b17af6b7b40f6899d75ae4dbf0621f14da71ed2471280124,64,769,1542,768,feasible,stopped at the time limit after 60.00s and 27644 nodes,-16.0,-16.00000000000012,-20.021390374331553,4.021390374331553,0.25133689839572204,1,0,1,27644,60.027720,60.0028755,410789c,Windows-AMD64,2026-08-30T12:22:14+00:00
p0201,2ecd7f035c546453ffd5e4fe12cf41c111be192411c4cb7e268b3c8ba81e5335,133,201,1923,201,feasible,"stopped on a relative gap target (4.167e-01 absolute, 5.472e-05 relative) after 1922 nodes",7615.0,7614.999999999997,7614.583333333333,0.41666666666696983,5.471656817688376e-05,1,0,1,1922,5.679429,5.6540215,410789c,Windows-AMD64,2026-08-30T12:22:14+00:00
pk1,6c64530538b254a8ae648f8f8f188847366ae52da560fdec0ad290c642973ba0,45,86,915,55,feasible,stopped at the time limit after 60.00s and 69012 nodes,18.999999999999908,11.0,3.278824468394629,15.72117553160528,0.827430291137124,0,0,1,69012,60.020758,60.0004328,410789c,Windows-AMD64,2026-08-30T12:22:14+00:00
ran12x21,15ad9b8724f5ba4f6ac958e442040a68abab37943e6a0a4cdf59f8a24e03e2b6,285,504,1008,252,feasible,stopped at the time limit after 60.01s and 6587 nodes,3795.0,3663.999999980964,3327.1941441116724,467.80585588832764,0.12326900023407843,0,0,1,6587,60.027712,60.0074068,410789c,Windows-AMD64,2026-08-30T12:22:14+00:00
ran13x13,ddf6f7b055f8cc7442c39a5f3853c3813a8b1f18ae66378d752938337b9cc579,195,338,676,169,feasible,stopped at the time limit after 60.00s and 12145 nodes,3385.0,3252.0,2934.448787323787,450.5512126762128,0.1331022784863258,0,0,1,12145,60.024930,60.0004053,410789c,Windows-AMD64,2026-08-30T12:22:14+00:00
rlp1,edd6f521c7abe8b2de7425601d1739599b44d27bc192e8c757fe9b5ba03fa2c3,68,461,836,450,feasible,stopped at the time limit after 60.00s and 17256 nodes,14.999999999999996,14.99999999990919,13.244444444444436,1.75555555555556,0.11703703703703736,1,0,1,17256,60.027061,60.0041135,410789c,Windows-AMD64,2026-08-30T12:22:14+00:00
supportcase14,a8cb263fed392f55c3a506274e69b5172ae82d308cf05240bde0c8070df7c5f5,234,304,1129,304,optimal,,288.0,288.0,288.0,0.0,0.0,1,1,1,131,0.694847,0.6732614,410789c,Windows-AMD64,2026-08-30T12:22:14+00:00
supportcase16,2063fbcfb893abb2c80662ba88e473b13cbc89402aeae2c2f2b7d4c19647b663,130,319,1076,319,optimal,,288.0,288.0,288.0,0.0,0.0,1,1,1,258,0.640387,0.6187875,410789c,Windows-AMD64,2026-08-30T12:22:14+00:00
timtab1,5867d1a9c1067a849211c1a61bdb8839fb0025255dde09989d0ed333e0674d7a,171,397,829,171,node_limit,stopped at the time limit after 60.00s and 10330 nodes,inf,764771.99999978,150855.99999990003,inf,inf,0,0,,10330,60.021352,60.0017777,410789c,Windows-AMD64,2026-08-30T12:22:14+00:00
