instance,instance_sha256,rows,columns,nonzeros,status,message,our_objective,published_objective,absolute_gap,relative_gap,matches_published,independently_verified,verifier_message,passed,wall_seconds,solver_seconds,iterations,algorithm,git_commit,machine,timestamp_utc
adlittle,db211f7bf735518a246a2a0e385ec51abc09cd601da7ae50d6c3fe083cb6f94b,56,97,383,optimal,,225494.96316238042,225494.96316,2.3804022930562496e-06,1.055634351959886e-11,1,1,,1,0.055715,0.0037358,160,simplex-primal,79809da,Windows-AMD64,2026-08-26T18:29:45+00:00
afiro,04992b87e57e57c1c417c96b846833bfa12e055eeaa623f043c45fc773b5be41,27,32,83,optimal,,-464.75314285714285,-464.75314286,2.857177605619654e-09,6.147731649617561e-12,1,1,,1,0.041654,0.0002318,16,simplex-primal,79809da,Windows-AMD64,2026-08-26T18:29:45+00:00
agg,d7844795d0c799f5cdc1416c8d242f5e8f351f5a3271f42a2d428f170abf1f03,488,163,2410,optimal,,-35991767.28657649,-35991767.287,0.00042351335287094116,1.1766950744425143e-11,1,1,,1,0.042911,0.0102444,137,simplex-primal,79809da,Windows-AMD64,2026-08-26T18:29:45+00:00
bandm,696daa77a79a0715c2fad877285e49bd7fcd7f5513f3cb83fbe0be916b6d8c81,305,472,2494,optimal,,-158.62801845012206,-158.62801845,1.220428202941548e-10,7.693648416381312e-13,1,1,,1,0.053334,0.0226913,584,simplex-primal,79809da,Windows-AMD64,2026-08-26T18:29:45+00:00
beaconfd,7138e7b58b1d6160f1ad42112a61ed00b5db1c92d73dc48d77f6a26fc717dbfc,173,262,3375,optimal,,33592.48580719999,33592.485807,1.9999424694105983e-07,5.953541160665908e-12,1,1,,1,0.049303,0.00387,106,simplex-primal,79809da,Windows-AMD64,2026-08-26T18:29:45+00:00
blend,38e1d84a38f1e0adaa16d3dd0abe758f6cea13a21f33681aa92742b693260aef,74,83,491,optimal,,-30.812149845828223,-30.812149846,1.7177725908368302e-10,5.574984541560087e-12,1,1,,1,0.035423,0.0064653,423,simplex-primal,79809da,Windows-AMD64,2026-08-26T18:29:45+00:00
boeing1,1d9d58afaf41bad6866d5355330b261d3776ca86753d121eb9b688ee6128ab9e,351,384,3485,optimal,,-335.2135675071269,-335.21356751,2.8730937629006803e-09,8.570935192875123e-12,1,1,,1,0.042157,0.0165939,770,simplex-primal,79809da,Windows-AMD64,2026-08-26T18:29:45+00:00
boeing2,e12e729b8c09bf6e6934af40b728e460d4eb360c42419b791b68fb2271ddd61a,166,143,1196,optimal,,-315.0187280152027,-315.01872802,4.7973003347578924e-09,1.5228619469421892e-11,1,1,,1,0.039546,0.0048759,212,simplex-primal,79809da,Windows-AMD64,2026-08-26T18:29:45+00:00
bore3d,c7cfe0d4abd466346e3cda4e16d00651f44f3ce1da317cf583c5fed5dfc0515a,233,315,1429,numerical_error,stalled: 1001 consecutive degenerate iterations under Bland's rule,0.0,1373.0803942,1373.0803942,1.0,0,,,0,0.067972,0.0338377,1014,simplex-primal,79809da,Windows-AMD64,2026-08-26T18:29:45+00:00
brandy,56fa020b84a0a106b7883b7da006c2852449598898c41ec8dd2575151d0e0917,220,249,2148,optimal,,1518.5098964881274,1518.5098965,1.1872543836943805e-08,7.818548871040437e-12,1,1,,1,0.055347,0.0237783,919,simplex-primal,79809da,Windows-AMD64,2026-08-26T18:29:45+00:00
capri,4932bc8861fcdaf19256827b7ee229941fa6f2e84f2044b65300326c226fba78,271,353,1767,optimal,,2690.0129137681597,2690.0129138,3.1840500014368445e-08,1.1836560282303446e-11,1,1,,1,0.045161,0.0094225,433,simplex-primal,79809da,Windows-AMD64,2026-08-26T18:29:45+00:00
d6cube,8cd94ee7783bcbce884acde1f4769f5c79739c9460fe73cb948924e724b02dfa,415,6184,37704,numerical_error,basis became singular at iteration 4836,0.0,315.49166667,315.49166667,1.0,0,,,0,5.57743,4.8214194,4836,simplex-primal,79809da,Windows-AMD64,2026-08-26T18:29:45+00:00
degen2,755cf6ca5f3a8ed1b8b68372e8d2d3b5efee784ee69b1dada923c6ff04ee0edb,444,534,3978,optimal,,-1435.178,-1435.178,0.0,0.0,1,1,,1,0.553073,0.1120557,1495,simplex-primal,79809da,Windows-AMD64,2026-08-26T18:29:45+00:00
e226,ddf56486daea52c8592b520aeb83d329223a1b45a3e5a269bd663ef9195bd8d8,223,282,2578,optimal,,-11.63892906637055,-18.751929066,7.11299999962945,0.37932097410321175,0,1,,0,0.041117,0.0124309,542,simplex-primal,79809da,Windows-AMD64,2026-08-26T18:29:45+00:00
etamacro,41701e1add7af2ed2b21a421ab7271bc867e6bc7ad98ac189748d6522e7d4926,400,688,2409,feasible,"engine reported optimal but the reduced costs violate dual feasibility by 1.345e-07, above the 1.0e-07 tolerance; reporting a feasible point rather than a proof",-755.7152331580163,-755.71521774,1.5418016346302466e-05,2.040188682770043e-08,0,1,,0,0.051312,0.0227846,810,simplex-primal,79809da,Windows-AMD64,2026-08-26T18:29:45+00:00
finnis,891821f24a8cd14af78b95bb460a56f0e0b5410a59ad01ab58d9daf3387e7546,497,614,2310,optimal,,172791.06559561164,172790.96547,0.10012561164330691,5.794609189835839e-07,1,1,,1,0.099812,0.0365385,662,simplex-primal,79809da,Windows-AMD64,2026-08-26T18:29:45+00:00
fit1d,59cee4fedd040a05c05d8410474ee014f42ef910e083689202be708491fe8717,24,1026,13404,optimal,,-9146.37809242094,-9146.3780924,2.09402060136199e-08,2.2894533554237983e-12,1,1,,1,0.104175,0.0491635,1622,simplex-primal,79809da,Windows-AMD64,2026-08-26T18:29:45+00:00
fit2d,1c16c328c0358ab175596bdd6b9a2c5d1cb4bb53b099d5d1f2a208a889c7bafc,25,10500,129018,optimal,,-68464.29329383251,-68464.293294,1.6749254427850246e-07,2.4464218678085877e-12,1,1,,1,23.790416,23.5636931,30210,simplex-primal,79809da,Windows-AMD64,2026-08-26T18:29:45+00:00
forplan,65ec816c0b3c58ec4d61574df130a3ce464abb42f3d49de21710a787bf3cfdc7,161,421,4563,optimal,,-664.2189612722055,-664.21873953,0.00022174220555370994,3.3383912912576713e-07,1,0,cannot read the solution: could not convert string to float: 'A',0,0.19039,0.0153173,393,simplex-primal,79809da,Windows-AMD64,2026-08-26T18:29:45+00:00
grow15,ab84e2f83d00c5bd26291e0505f23804b050bc96dc1e576d9da8f04e1f6ed51f,300,645,5620,numerical_error,basis became singular at iteration 577,0.0,-106870941.29,106870941.29,1.0,0,,,0,0.23929,0.1499895,577,simplex-primal,79809da,Windows-AMD64,2026-08-26T18:29:45+00:00
grow22,671111a1623539730f4caa9366c7eda43fb472137773cd9444dc96ed87f9810e,440,946,8252,optimal,,-160834336.4825622,-160834336.48,0.002562224864959717,1.5930832439367408e-11,1,1,,1,0.344958,0.2211773,1246,simplex-primal,79809da,Windows-AMD64,2026-08-26T18:29:45+00:00
grow7,6b8734ffdf991a36f17cfddf306834a4a3ced3e17964cac9fa2983a043906cd4,140,301,2612,numerical_error,"engine reported optimal but the returned point violates primal feasibility by 1.996e-07, above the 1.0e-07 tolerance; it is not a feasible point",-47787811.81471119,-47787811.815,0.00028880685567855835,6.043525424361562e-12,0,,,0,0.073101,0.0123972,297,simplex-primal,79809da,Windows-AMD64,2026-08-26T18:29:45+00:00
israel,96564e1fddcbb6e3d46447fceb54b9d18260b95e95075c3a19f5812f9bf5ceeb,174,142,2269,optimal,,-896644.8218630452,-896644.82186,3.045191988348961e-06,3.396207633287855e-12,1,1,,1,0.091151,0.0278801,252,simplex-primal,79809da,Windows-AMD64,2026-08-26T18:29:45+00:00
kb2,f0eb647d1d9aac84f49d88662b6b02c6cecc04496e5435be733eced36d7f48f2,43,41,286,optimal,,-1749.900129906206,-1749.9001299,6.206164471223019e-09,3.546582096418084e-12,1,1,,1,0.064889,0.0011234,71,simplex-primal,79809da,Windows-AMD64,2026-08-26T18:29:45+00:00
lotfi,fcb90a1b5e02b2eae67adacd0937a073d420ca92ac6af514ee13a348d7f31623,153,308,1078,optimal,,-25.264706061879963,-25.264706062,1.2003553706563252e-10,4.751115519454823e-12,1,1,,1,0.058822,0.0108426,304,simplex-primal,79809da,Windows-AMD64,2026-08-26T18:29:45+00:00
pilot4,67e872aae722a493f5c2c8f88e3d70d093eea116093874ea43852c864a687cba,410,1000,5141,numerical_error,basis became singular at iteration 2503,0.0,-2581.1392641,2581.1392641,1.0,0,,,0,0.292645,0.2145475,2503,simplex-primal,79809da,Windows-AMD64,2026-08-26T18:29:45+00:00
recipe,277b34645cc89526db4a3365fa781ce28aa9768a65c4f301416a8a05c934af61,91,180,663,optimal,,-266.61600000000027,-266.616,2.8421709430404007e-13,1.0660166468030429e-15,1,1,,1,0.051362,0.0007916,49,simplex-primal,79809da,Windows-AMD64,2026-08-26T18:29:45+00:00
sc105,062d034400be956757316a9bde8e6de3d221a88fb5dc502def743f1883e23ec3,105,103,280,optimal,,-52.2020612117072,-52.202061212,2.927933451246645e-10,5.608846438756298e-12,1,1,,1,0.048443,0.0031264,107,simplex-primal,79809da,Windows-AMD64,2026-08-26T18:29:45+00:00
sc205,bcecc8d8cafd08c6d97cf8e39a740f5d777e317600bb9f6f158f2ceb550005f9,205,203,551,optimal,,-52.202061211707225,-52.202061212,2.927720288425917e-10,5.608438096986301e-12,1,1,,1,0.070812,0.0228353,255,simplex-primal,79809da,Windows-AMD64,2026-08-26T18:29:45+00:00
sc50a,36bfce2f419555712bf1b9a8477541199073c7654475d933475cea6db0abe2f2,50,48,130,optimal,,-64.57507705856447,-64.575077059,4.355200644567958e-10,6.744398679677553e-12,1,1,,1,0.052783,0.0006626,46,simplex-primal,79809da,Windows-AMD64,2026-08-26T18:29:45+00:00
sc50b,bfc47ffcf8f037552130a75142a203dc768d82d15c3b7b9f718c444ffa472f15,50,48,118,optimal,,-70.00000000000003,-70.0,2.842170943040401e-14,4.0602442043434295e-16,1,1,,1,0.052521,0.0018036,50,simplex-primal,79809da,Windows-AMD64,2026-08-26T18:29:45+00:00
scagr25,7bac79b91dec46966af26a236d593c823f1e61eb055597426365e4f6bc36df76,471,500,1554,optimal,,-14753433.060768532,-14753433.061,0.0002314690500497818,1.5689165300899303e-11,1,1,,1,0.160555,0.0863729,512,simplex-primal,79809da,Windows-AMD64,2026-08-26T18:29:45+00:00
scagr7,2170c16fd0cc04a823172c1564e89593e75aac5225e2c2f893a6837ba0b26085,129,140,420,optimal,,-2331389.8243309837,-2331389.2548,0.5695309834554791,2.4428824242150705e-07,1,1,,1,0.059811,0.0051011,185,simplex-primal,79809da,Windows-AMD64,2026-08-26T18:29:45+00:00
scfxm1,3e602523ca64bb4fd7387da7eca577d964e08d7c04326c59937a0d58add7de25,330,457,2589,optimal,,18416.759028348933,18416.759028,3.4893309930339456e-07,1.8946498608842772e-11,1,1,,1,0.072537,0.0240384,557,simplex-primal,79809da,Windows-AMD64,2026-08-26T18:29:45+00:00
scorpion,39b61cae042ce4adffb441faec77f5cc003fa725baa25edfb1738aef93a83c5d,388,358,1426,optimal,,1878.1248227381072,1878.1248227,3.8107145883259363e-08,2.0289996395700884e-11,1,1,,1,0.054391,0.0152202,400,simplex-primal,79809da,Windows-AMD64,2026-08-26T18:29:45+00:00
scrs8,33b12d5e3d07b47a8b837ab0bf445fbfb5980af5c825bf049c23e71fb3faf026,490,1169,3182,optimal,,904.2969538007917,904.29998619,0.003032389208328823,3.3533000714783776e-06,0,1,,0,0.064344,0.0312096,697,simplex-primal,79809da,Windows-AMD64,2026-08-26T18:29:45+00:00
scsd1,8c4aac4987a81ef66715b5cb2debdb1993afe6cb5e2a29f32556a03802bf55f5,77,760,2388,optimal,,8.666666674333364,8.6666666743,3.3363534157615504e-11,3.8496385532573e-12,1,1,,1,0.030096,0.0064498,534,simplex-primal,79809da,Windows-AMD64,2026-08-26T18:29:45+00:00
scsd6,f3da742cfa24cfadb99d510847ea1f7a361ba61537d4c2900c09b674912a5891,147,1350,4316,optimal,,50.50000007826238,50.500000078,2.623821160341322e-10,5.1956854579974005e-12,1,1,,1,0.053518,0.0151635,627,simplex-primal,79809da,Windows-AMD64,2026-08-26T18:29:45+00:00
scsd8,2090a22840fe2c75730cd76336702ece7c27a739d58740926b67c4b2e57b8e5c,397,2750,8584,optimal,,904.9999999254647,904.99999993,4.535195330390707e-09,5.011265558830382e-12,1,1,,1,0.084697,0.0512845,926,simplex-primal,79809da,Windows-AMD64,2026-08-26T18:29:45+00:00
sctap1,2b1ab5950d3e37fd21327892e2bc830c5f0d8d3fc1f687c0f57a5cdefd9caa21,300,480,1692,optimal,,1412.2499999999998,1412.25,2.2737367544323206e-13,1.6100100934199472e-16,1,1,,1,0.024617,0.003899,304,simplex-primal,79809da,Windows-AMD64,2026-08-26T18:29:45+00:00
share1b,fafdf8b5e3d50d27f5eff40e46eb104d1e614bf2721cb5be38081f1678dbd562,117,225,1151,optimal,,-76589.31857918552,-76589.318579,1.85522367246449e-07,2.4223007945303396e-12,1,1,,1,0.026758,0.0024601,226,simplex-primal,79809da,Windows-AMD64,2026-08-26T18:29:45+00:00
share2b,2816c0a71096acc08fd88f65c960366856802c074601e5fa544f9c3eab640c96,96,79,694,optimal,,-415.73224074141723,-415.73224074,1.4172201190376654e-09,3.4089733250301328e-12,1,1,,1,0.020083,0.0010095,117,simplex-primal,79809da,Windows-AMD64,2026-08-26T18:29:45+00:00
ship04l,e7c46bfd6492a400220cf1f5f093f264901fd0e8534dd8cbb060d491612dc881,402,2118,6332,optimal,,1793324.5379703564,1793324.538,2.9643531888723373e-05,1.65299315659748e-11,1,1,,1,0.042938,0.0147416,508,simplex-primal,79809da,Windows-AMD64,2026-08-26T18:29:45+00:00
ship04s,2ed2828b251173a05004349121cd9a271a3434bf2efe4e1b70d7e0bdf2d76f94,402,1458,4352,optimal,,1798714.700445392,1798714.7004,4.539196379482746e-05,2.523577740524006e-11,1,1,,1,0.042661,0.0112989,450,simplex-primal,79809da,Windows-AMD64,2026-08-26T18:29:45+00:00
stair,30a16ec0d02cf6c490495340d2a718f533d8e5d88f839693eb4bc06671bd8649,356,467,3856,optimal,,-251.26695119296016,-251.26695119,2.960177880595438e-09,1.1781007675605722e-11,1,1,,1,0.124588,0.0864024,926,simplex-primal,79809da,Windows-AMD64,2026-08-26T18:29:45+00:00
standata,a513e8587cb8d72ac1f6fb07b33642a212f55646fb2c04521cdfd04b959c6fb1,359,1075,3031,optimal,,1257.6995000000002,1257.6995,2.2737367544323206e-13,1.8078537476021266e-16,1,1,,1,0.030006,0.0019241,64,simplex-primal,79809da,Windows-AMD64,2026-08-26T18:29:45+00:00
standmps,93bd6bc6251b7fee0f943e1c69a7b7e836b4b34e4c011c1a871be66a1cb7e00d,467,1075,3679,optimal,,1406.0174999999995,1406.0175,4.547473508864641e-13,3.234293676191542e-16,1,1,,1,0.036232,0.0070664,295,simplex-primal,79809da,Windows-AMD64,2026-08-26T18:29:45+00:00
stocfor1,98e1cb3940233e044e3d0e50869539087acdf8f0862916f777e553afc705ba90,117,111,447,optimal,,-41131.97621943643,-41131.976219,4.3643376557156444e-07,1.0610571280306333e-11,1,1,,1,0.023136,0.0014021,79,simplex-primal,79809da,Windows-AMD64,2026-08-26T18:29:45+00:00
tuff,768782d2ab2d7d044061f56ba54ddd53cf5ea0666a965edd33d48803098e15e2,333,587,4520,numerical_error,stalled: 1001 consecutive degenerate iterations under Bland's rule,0.0,0.29214776509,0.29214776509,0.29214776509,0,,,0,0.084667,0.0559837,1248,simplex-primal,79809da,Windows-AMD64,2026-08-26T18:29:45+00:00
wood1p,af3cac48f0727f1d9e1f1ecfa6de30168678800b39e38a808b5df90a48d61330,244,2594,70215,numerical_error,stalled: 1001 consecutive degenerate iterations under Bland's rule,0.0,1.4429024116,1.4429024116,1.0,0,,,0,0.228281,0.0780894,1000,simplex-primal,79809da,Windows-AMD64,2026-08-26T18:29:45+00:00
