instance,instance_sha256,rows,columns,nonzeros,status,message,our_objective,published_objective,absolute_gap,relative_gap,matches_published,independently_verified,verifier_message,passed,objective_offset,differs_by_objective_constant,wall_seconds,solver_seconds,iterations,algorithm,git_commit,machine,timestamp_utc,solver_options
adlittle,db211f7bf735518a246a2a0e385ec51abc09cd601da7ae50d6c3fe083cb6f94b,56,97,383,optimal,,225494.9631623803,225494.96316,2.3802858777344227e-06,1.0555827253868593e-11,1,1,,1,0.0,0,0.042949,0.0034515,73,simplex-dual,adcee1b,Windows-AMD64,2026-09-06T17:34:47+00:00,
afiro,04992b87e57e57c1c417c96b846833bfa12e055eeaa623f043c45fc773b5be41,27,32,83,optimal,,-464.75314285714285,-464.75314286,2.857177605619654e-09,6.147731649617561e-12,1,1,,1,0.0,0,0.02443,0.000765,13,simplex-dual,adcee1b,Windows-AMD64,2026-09-06T17:34:47+00:00,
agg,d7844795d0c799f5cdc1416c8d242f5e8f351f5a3271f42a2d428f170abf1f03,488,163,2410,optimal,,-35991767.2865765,-35991767.287,0.0004234984517097473,1.1766536728601052e-11,1,1,,1,0.0,0,0.037853,0.0115918,147,simplex-dual+primal,adcee1b,Windows-AMD64,2026-09-06T17:34:47+00:00,
bandm,696daa77a79a0715c2fad877285e49bd7fcd7f5513f3cb83fbe0be916b6d8c81,305,472,2494,optimal,,-158.62801845012086,-158.62801845,1.2084910849807784e-10,7.61839614961652e-13,1,1,,1,0.0,0,0.045786,0.0193728,452,simplex-dual,adcee1b,Windows-AMD64,2026-09-06T17:34:47+00:00,
beaconfd,7138e7b58b1d6160f1ad42112a61ed00b5db1c92d73dc48d77f6a26fc717dbfc,173,262,3375,optimal,,33592.485807200006,33592.485807,2.000087988562882e-07,5.953974350258128e-12,1,1,,1,0.0,0,0.030817,0.0064802,115,simplex-dual,adcee1b,Windows-AMD64,2026-09-06T17:34:47+00:00,
blend,38e1d84a38f1e0adaa16d3dd0abe758f6cea13a21f33681aa92742b693260aef,74,83,491,optimal,,-30.812149845828223,-30.812149846,1.7177725908368302e-10,5.574984541560087e-12,1,1,,1,0.0,0,0.038604,0.0051934,97,simplex-dual,adcee1b,Windows-AMD64,2026-09-06T17:34:47+00:00,
boeing1,1d9d58afaf41bad6866d5355330b261d3776ca86753d121eb9b688ee6128ab9e,351,384,3485,optimal,,-335.213567507127,-335.21356751,2.8730369194818195e-09,8.570765619133575e-12,1,1,,1,0.0,0,0.052753,0.0154981,357,simplex-dual,adcee1b,Windows-AMD64,2026-09-06T17:34:47+00:00,
boeing2,e12e729b8c09bf6e6934af40b728e460d4eb360c42419b791b68fb2271ddd61a,166,143,1196,optimal,,-315.01872801520284,-315.01872802,4.797186647920171e-09,1.5228258580282265e-11,1,1,,1,0.0,0,0.03252,0.0037975,133,simplex-dual,adcee1b,Windows-AMD64,2026-09-06T17:34:47+00:00,
bore3d,c7cfe0d4abd466346e3cda4e16d00651f44f3ce1da317cf583c5fed5dfc0515a,233,315,1429,optimal,,1373.080394208493,1373.0803942,8.493088898831047e-09,6.185427258816399e-12,1,1,,1,0.0,0,0.036906,0.0058891,161,simplex-dual,adcee1b,Windows-AMD64,2026-09-06T17:34:47+00:00,
brandy,56fa020b84a0a106b7883b7da006c2852449598898c41ec8dd2575151d0e0917,220,249,2148,optimal,,1518.509896488128,1518.5098965,1.1871861715917476e-08,7.818099666838409e-12,1,1,,1,0.0,0,0.05265,0.0207811,282,simplex-dual,adcee1b,Windows-AMD64,2026-09-06T17:34:47+00:00,
capri,4932bc8861fcdaf19256827b7ee229941fa6f2e84f2044b65300326c226fba78,271,353,1767,optimal,,2690.0129137681615,2690.0129138,3.18386810249649e-08,1.1835884081310426e-11,1,1,,1,0.0,0,0.044172,0.0091149,236,simplex-dual,adcee1b,Windows-AMD64,2026-09-06T17:34:47+00:00,
d6cube,8cd94ee7783bcbce884acde1f4769f5c79739c9460fe73cb948924e724b02dfa,415,6184,37704,optimal,,315.4916666666668,315.49166667,3.3331843951600604e-09,1.0565047344488266e-11,1,1,,1,0.0,0,0.70299,0.638477,1013,simplex-dual,adcee1b,Windows-AMD64,2026-09-06T17:34:47+00:00,
degen2,755cf6ca5f3a8ed1b8b68372e8d2d3b5efee784ee69b1dada923c6ff04ee0edb,444,534,3978,optimal,,-1435.178,-1435.178,0.0,0.0,1,1,,1,0.0,0,0.089317,0.0530001,639,simplex-dual,adcee1b,Windows-AMD64,2026-09-06T17:34:47+00:00,
e226,ddf56486daea52c8592b520aeb83d329223a1b45a3e5a269bd663ef9195bd8d8,223,282,2578,optimal,,-11.63892906637053,-18.751929066,7.112999999629469,0.3793209741032128,0,1,,0,7.113,1,0.057625,0.0217435,507,simplex-dual,adcee1b,Windows-AMD64,2026-09-06T17:34:47+00:00,
etamacro,41701e1add7af2ed2b21a421ab7271bc867e6bc7ad98ac189748d6522e7d4926,400,688,2409,optimal,,-755.7152331221231,-755.71521774,1.5382123137896997e-05,2.035439114736623e-08,1,1,,1,0.0,0,0.064609,0.0319413,705,simplex-dual,adcee1b,Windows-AMD64,2026-09-06T17:34:47+00:00,
finnis,891821f24a8cd14af78b95bb460a56f0e0b5410a59ad01ab58d9daf3387e7546,497,614,2310,optimal,,172791.06559561164,172790.96547,0.10012561164330691,5.794609189835839e-07,1,1,,1,0.0,0,0.078435,0.0371077,403,simplex-dual+primal,adcee1b,Windows-AMD64,2026-09-06T17:34:47+00:00,
fit1d,59cee4fedd040a05c05d8410474ee014f42ef910e083689202be708491fe8717,24,1026,13404,optimal,,-9146.378092420928,-9146.3780924,2.092747308779508e-08,2.2880612277754342e-12,1,1,,1,0.0,0,0.080057,0.0184514,56,simplex-dual,adcee1b,Windows-AMD64,2026-09-06T17:34:47+00:00,
fit2d,1c16c328c0358ab175596bdd6b9a2c5d1cb4bb53b099d5d1f2a208a889c7bafc,25,10500,129018,optimal,,-68464.2932938321,-68464.293294,1.6789999790489674e-07,2.4523731981559937e-12,1,1,,1,0.0,0,0.445489,0.2917307,224,simplex-dual,adcee1b,Windows-AMD64,2026-09-06T17:34:47+00:00,
forplan,65ec816c0b3c58ec4d61574df130a3ce464abb42f3d49de21710a787bf3cfdc7,161,421,4563,optimal,,-664.2189612722057,-664.21873953,0.00022174220566739677,3.3383912929692586e-07,1,1,,1,0.0,0,0.053502,0.0133978,309,simplex-dual,adcee1b,Windows-AMD64,2026-09-06T17:34:47+00:00,
grow15,ab84e2f83d00c5bd26291e0505f23804b050bc96dc1e576d9da8f04e1f6ed51f,300,645,5620,optimal,,-106870941.29357535,-106870941.29,0.003575339913368225,3.345474335878028e-11,1,1,,1,0.0,0,0.400972,0.3581798,3630,simplex-dual+primal,adcee1b,Windows-AMD64,2026-09-06T17:34:47+00:00,
grow22,671111a1623539730f4caa9366c7eda43fb472137773cd9444dc96ed87f9810e,440,946,8252,optimal,,-160834336.48256296,-160834336.48,0.002562969923019409,1.5935464895819175e-11,1,1,,1,0.0,0,0.908038,0.8577061,3853,simplex-dual+primal,adcee1b,Windows-AMD64,2026-09-06T17:34:47+00:00,
grow7,6b8734ffdf991a36f17cfddf306834a4a3ced3e17964cac9fa2983a043906cd4,140,301,2612,optimal,,-47787811.8147115,-47787811.815,0.00028849393129348755,6.036977219428426e-12,1,1,,1,0.0,0,0.176903,0.1389157,1932,simplex-dual+primal,adcee1b,Windows-AMD64,2026-09-06T17:34:47+00:00,
israel,96564e1fddcbb6e3d46447fceb54b9d18260b95e95075c3a19f5812f9bf5ceeb,174,142,2269,optimal,,-896644.821863046,-896644.82186,3.0460068956017494e-06,3.3971164739267804e-12,1,1,,1,0.0,0,0.056211,0.0146514,176,simplex-dual,adcee1b,Windows-AMD64,2026-09-06T17:34:47+00:00,
kb2,f0eb647d1d9aac84f49d88662b6b02c6cecc04496e5435be733eced36d7f48f2,43,41,286,optimal,,-1749.9001299062058,-1749.9001299,6.205937097547576e-09,3.5464521611883195e-12,1,1,,1,0.0,0,0.032661,0.0026458,51,simplex-dual,adcee1b,Windows-AMD64,2026-09-06T17:34:47+00:00,
lotfi,fcb90a1b5e02b2eae67adacd0937a073d420ca92ac6af514ee13a348d7f31623,153,308,1078,optimal,,-25.264706061880016,-25.264706062,1.1998224636045052e-10,4.74900622496902e-12,1,1,,1,0.0,0,0.048075,0.0153528,243,simplex-dual,adcee1b,Windows-AMD64,2026-09-06T17:34:47+00:00,
pilot4,67e872aae722a493f5c2c8f88e3d70d093eea116093874ea43852c864a687cba,410,1000,5141,optimal,,-2581.139258883888,-2581.1392641,5.2161121857352555e-06,2.0208565489991203e-09,1,1,,1,0.0,0,0.183022,0.136267,1060,simplex-dual,adcee1b,Windows-AMD64,2026-09-06T17:34:47+00:00,
recipe,277b34645cc89526db4a3365fa781ce28aa9768a65c4f301416a8a05c934af61,91,180,663,optimal,,-266.61600000000027,-266.616,2.8421709430404007e-13,1.0660166468030429e-15,1,1,,1,0.0,0,0.043172,0.0025739,41,simplex-dual,adcee1b,Windows-AMD64,2026-09-06T17:34:47+00:00,
sc105,062d034400be956757316a9bde8e6de3d221a88fb5dc502def743f1883e23ec3,105,103,280,optimal,,-52.20206121170722,-52.202061212,2.927791342699493e-10,5.608574210909634e-12,1,1,,1,0.0,0,0.029687,0.0021847,88,simplex-dual,adcee1b,Windows-AMD64,2026-09-06T17:34:47+00:00,
sc205,bcecc8d8cafd08c6d97cf8e39a740f5d777e317600bb9f6f158f2ceb550005f9,205,203,551,optimal,,-52.2020612117072,-52.202061212,2.927933451246645e-10,5.608846438756298e-12,1,1,,1,0.0,0,0.034892,0.0059067,209,simplex-dual,adcee1b,Windows-AMD64,2026-09-06T17:34:47+00:00,
sc50a,36bfce2f419555712bf1b9a8477541199073c7654475d933475cea6db0abe2f2,50,48,130,optimal,,-64.57507705856447,-64.575077059,4.355200644567958e-10,6.744398679677553e-12,1,1,,1,0.0,0,0.034792,0.001452,42,simplex-dual,adcee1b,Windows-AMD64,2026-09-06T17:34:47+00:00,
sc50b,bfc47ffcf8f037552130a75142a203dc768d82d15c3b7b9f718c444ffa472f15,50,48,118,optimal,,-69.99999999999999,-70.0,1.4210854715202004e-14,2.0301221021717148e-16,1,1,,1,0.0,0,0.030798,0.0021229,42,simplex-dual,adcee1b,Windows-AMD64,2026-09-06T17:34:47+00:00,
scagr25,7bac79b91dec46966af26a236d593c823f1e61eb055597426365e4f6bc36df76,471,500,1554,optimal,,-14753433.060768533,-14753433.061,0.00023146718740463257,1.5689039049257294e-11,1,1,,1,0.0,0,0.052916,0.0201188,465,simplex-dual,adcee1b,Windows-AMD64,2026-09-06T17:34:47+00:00,
scagr7,2170c16fd0cc04a823172c1564e89593e75aac5225e2c2f893a6837ba0b26085,129,140,420,optimal,,-2331389.824330984,-2331389.2548,0.5695309839211404,2.442882426212426e-07,1,1,,1,0.0,0,0.034253,0.0026019,111,simplex-dual,adcee1b,Windows-AMD64,2026-09-06T17:34:47+00:00,
scfxm1,3e602523ca64bb4fd7387da7eca577d964e08d7c04326c59937a0d58add7de25,330,457,2589,optimal,,18416.759028348937,18416.759028,3.4893673728220165e-07,1.89466961451629e-11,1,1,,1,0.0,0,0.04766,0.0195437,460,simplex-dual,adcee1b,Windows-AMD64,2026-09-06T17:34:47+00:00,
scorpion,39b61cae042ce4adffb441faec77f5cc003fa725baa25edfb1738aef93a83c5d,388,358,1426,optimal,,1878.1248227381068,1878.1248227,3.810669113590848e-08,2.0289754267304842e-11,1,1,,1,0.0,0,0.03803,0.0078531,242,simplex-dual,adcee1b,Windows-AMD64,2026-09-06T17:34:47+00:00,
scrs8,33b12d5e3d07b47a8b837ab0bf445fbfb5980af5c825bf049c23e71fb3faf026,490,1169,3182,optimal,,904.2969538007919,904.29998619,0.003032389208101449,3.3533000712269414e-06,0,1,,0,0.0,0,0.087758,0.0481005,610,simplex-dual,adcee1b,Windows-AMD64,2026-09-06T17:34:47+00:00,
scsd1,8c4aac4987a81ef66715b5cb2debdb1993afe6cb5e2a29f32556a03802bf55f5,77,760,2388,optimal,,8.666666674333364,8.6666666743,3.3363534157615504e-11,3.8496385532573e-12,1,1,,1,0.0,0,0.042396,0.0124819,155,simplex-dual,adcee1b,Windows-AMD64,2026-09-06T17:34:47+00:00,
scsd6,f3da742cfa24cfadb99d510847ea1f7a361ba61537d4c2900c09b674912a5891,147,1350,4316,optimal,,50.50000007714434,50.500000078,8.556568786843854e-10,1.6943700541837166e-11,1,1,,1,0.0,0,0.072416,0.0348182,367,simplex-dual,adcee1b,Windows-AMD64,2026-09-06T17:34:47+00:00,
scsd8,2090a22840fe2c75730cd76336702ece7c27a739d58740926b67c4b2e57b8e5c,397,2750,8584,optimal,,904.9999999254641,904.99999993,4.535877451417036e-09,5.012019283721412e-12,1,1,,1,0.0,0,0.308492,0.2554549,1785,simplex-dual+primal,adcee1b,Windows-AMD64,2026-09-06T17:34:47+00:00,
sctap1,2b1ab5950d3e37fd21327892e2bc830c5f0d8d3fc1f687c0f57a5cdefd9caa21,300,480,1692,optimal,,1412.25,1412.25,0.0,0.0,1,1,,1,0.0,0,0.046262,0.0101938,269,simplex-dual,adcee1b,Windows-AMD64,2026-09-06T17:34:47+00:00,
share1b,fafdf8b5e3d50d27f5eff40e46eb104d1e614bf2721cb5be38081f1678dbd562,117,225,1151,optimal,,-76589.31857918552,-76589.318579,1.85522367246449e-07,2.4223007945303396e-12,1,1,,1,0.0,0,0.031115,0.0038782,136,simplex-dual,adcee1b,Windows-AMD64,2026-09-06T17:34:47+00:00,
share2b,2816c0a71096acc08fd88f65c960366856802c074601e5fa544f9c3eab640c96,96,79,694,optimal,,-415.7322407414191,-415.73224074,1.419095951860072e-09,3.4134854427794508e-12,1,1,,1,0.0,0,0.038562,0.0036132,133,simplex-dual,adcee1b,Windows-AMD64,2026-09-06T17:34:47+00:00,
ship04l,e7c46bfd6492a400220cf1f5f093f264901fd0e8534dd8cbb060d491612dc881,402,2118,6332,optimal,,1793324.5379703562,1793324.538,2.9643764719367027e-05,1.6530061397825488e-11,1,1,,1,0.0,0,0.090642,0.0529784,449,simplex-dual,adcee1b,Windows-AMD64,2026-09-06T17:34:47+00:00,
ship04s,2ed2828b251173a05004349121cd9a271a3434bf2efe4e1b70d7e0bdf2d76f94,402,1458,4352,optimal,,1798714.7004453922,1798714.7004,4.5392196625471115e-05,2.5235906848026957e-11,1,1,,1,0.0,0,0.061959,0.0252024,300,simplex-dual,adcee1b,Windows-AMD64,2026-09-06T17:34:47+00:00,
stair,30a16ec0d02cf6c490495340d2a718f533d8e5d88f839693eb4bc06671bd8649,356,467,3856,optimal,,-251.2669511929633,-251.26695119,2.9633042686327826e-09,1.17934501716146e-11,1,1,,1,0.0,0,0.085717,0.0391988,448,simplex-dual,adcee1b,Windows-AMD64,2026-09-06T17:34:47+00:00,
standata,a513e8587cb8d72ac1f6fb07b33642a212f55646fb2c04521cdfd04b959c6fb1,359,1075,3031,optimal,,1257.6995000000002,1257.6995,2.2737367544323206e-13,1.8078537476021266e-16,1,1,,1,0.0,0,0.039183,0.0047312,58,simplex-dual,adcee1b,Windows-AMD64,2026-09-06T17:34:47+00:00,
standmps,93bd6bc6251b7fee0f943e1c69a7b7e836b4b34e4c011c1a871be66a1cb7e00d,467,1075,3679,optimal,,1406.0175000000002,1406.0175,2.2737367544323206e-13,1.617146838095771e-16,1,1,,1,0.0,0,0.042651,0.0108745,200,simplex-dual,adcee1b,Windows-AMD64,2026-09-06T17:34:47+00:00,
stocfor1,98e1cb3940233e044e3d0e50869539087acdf8f0862916f777e553afc705ba90,117,111,447,optimal,,-41131.97621943643,-41131.976219,4.3643376557156444e-07,1.0610571280306333e-11,1,1,,1,0.0,0,0.034089,0.0023326,101,simplex-dual,adcee1b,Windows-AMD64,2026-09-06T17:34:47+00:00,
tuff,768782d2ab2d7d044061f56ba54ddd53cf5ea0666a965edd33d48803098e15e2,333,587,4520,optimal,,0.2921477650936128,0.29214776509,3.612776744432722e-12,3.612776744432722e-12,1,1,,1,0.0,0,0.046741,0.0143815,239,simplex-dual,adcee1b,Windows-AMD64,2026-09-06T17:34:47+00:00,
wood1p,af3cac48f0727f1d9e1f1ecfa6de30168678800b39e38a808b5df90a48d61330,244,2594,70215,optimal,,1.4429024115734101,1.4429024116,2.65898414397725e-11,1.8428024810276435e-11,1,1,,1,0.0,0,0.44139,0.2836345,406,simplex-dual,adcee1b,Windows-AMD64,2026-09-06T17:34:47+00:00,
