case,instance,sha256,arm,rep,status,objective,iterations,nodes,solve_seconds,commit,machine
dual simplex,25fv47.mps,e0da0d47ae56bef34f11ac03563027da57dd4ab792d978c0dc8e27a16117f627,main,1,optimal,5501.845888286749,4107,0,0.9443268,3630cba,"Intel64 Family 6 Model 186 Stepping 3, GenuineIntel"
dual simplex,25fv47.mps,e0da0d47ae56bef34f11ac03563027da57dd4ab792d978c0dc8e27a16117f627,off,1,optimal,5501.845888286749,4107,0,0.7483502,3630cba,"Intel64 Family 6 Model 186 Stepping 3, GenuineIntel"
dual simplex,25fv47.mps,e0da0d47ae56bef34f11ac03563027da57dd4ab792d978c0dc8e27a16117f627,basic,1,optimal,5501.845888286749,4107,0,0.6584954,3630cba,"Intel64 Family 6 Model 186 Stepping 3, GenuineIntel"
dual simplex,25fv47.mps,e0da0d47ae56bef34f11ac03563027da57dd4ab792d978c0dc8e27a16117f627,detailed,1,optimal,5501.845888286749,4107,0,0.5981199,3630cba,"Intel64 Family 6 Model 186 Stepping 3, GenuineIntel"
dual simplex,25fv47.mps,e0da0d47ae56bef34f11ac03563027da57dd4ab792d978c0dc8e27a16117f627,main,2,optimal,5501.845888286749,4107,0,0.634372,3630cba,"Intel64 Family 6 Model 186 Stepping 3, GenuineIntel"
dual simplex,25fv47.mps,e0da0d47ae56bef34f11ac03563027da57dd4ab792d978c0dc8e27a16117f627,off,2,optimal,5501.845888286749,4107,0,0.6740743,3630cba,"Intel64 Family 6 Model 186 Stepping 3, GenuineIntel"
dual simplex,25fv47.mps,e0da0d47ae56bef34f11ac03563027da57dd4ab792d978c0dc8e27a16117f627,basic,2,optimal,5501.845888286749,4107,0,0.7186512,3630cba,"Intel64 Family 6 Model 186 Stepping 3, GenuineIntel"
dual simplex,25fv47.mps,e0da0d47ae56bef34f11ac03563027da57dd4ab792d978c0dc8e27a16117f627,detailed,2,optimal,5501.845888286749,4107,0,0.5885592,3630cba,"Intel64 Family 6 Model 186 Stepping 3, GenuineIntel"
dual simplex,25fv47.mps,e0da0d47ae56bef34f11ac03563027da57dd4ab792d978c0dc8e27a16117f627,main,3,optimal,5501.845888286749,4107,0,0.6464391,3630cba,"Intel64 Family 6 Model 186 Stepping 3, GenuineIntel"
dual simplex,25fv47.mps,e0da0d47ae56bef34f11ac03563027da57dd4ab792d978c0dc8e27a16117f627,off,3,optimal,5501.845888286749,4107,0,0.5865135,3630cba,"Intel64 Family 6 Model 186 Stepping 3, GenuineIntel"
dual simplex,25fv47.mps,e0da0d47ae56bef34f11ac03563027da57dd4ab792d978c0dc8e27a16117f627,basic,3,optimal,5501.845888286749,4107,0,0.6400838,3630cba,"Intel64 Family 6 Model 186 Stepping 3, GenuineIntel"
dual simplex,25fv47.mps,e0da0d47ae56bef34f11ac03563027da57dd4ab792d978c0dc8e27a16117f627,detailed,3,optimal,5501.845888286749,4107,0,0.6232952,3630cba,"Intel64 Family 6 Model 186 Stepping 3, GenuineIntel"
dual simplex,25fv47.mps,e0da0d47ae56bef34f11ac03563027da57dd4ab792d978c0dc8e27a16117f627,main,4,optimal,5501.845888286749,4107,0,0.6290808,3630cba,"Intel64 Family 6 Model 186 Stepping 3, GenuineIntel"
dual simplex,25fv47.mps,e0da0d47ae56bef34f11ac03563027da57dd4ab792d978c0dc8e27a16117f627,off,4,optimal,5501.845888286749,4107,0,0.6291561,3630cba,"Intel64 Family 6 Model 186 Stepping 3, GenuineIntel"
dual simplex,25fv47.mps,e0da0d47ae56bef34f11ac03563027da57dd4ab792d978c0dc8e27a16117f627,basic,4,optimal,5501.845888286749,4107,0,0.8774061,3630cba,"Intel64 Family 6 Model 186 Stepping 3, GenuineIntel"
dual simplex,25fv47.mps,e0da0d47ae56bef34f11ac03563027da57dd4ab792d978c0dc8e27a16117f627,detailed,4,optimal,5501.845888286749,4107,0,0.6649949,3630cba,"Intel64 Family 6 Model 186 Stepping 3, GenuineIntel"
dual simplex,25fv47.mps,e0da0d47ae56bef34f11ac03563027da57dd4ab792d978c0dc8e27a16117f627,main,5,optimal,5501.845888286749,4107,0,0.6382969,3630cba,"Intel64 Family 6 Model 186 Stepping 3, GenuineIntel"
dual simplex,25fv47.mps,e0da0d47ae56bef34f11ac03563027da57dd4ab792d978c0dc8e27a16117f627,off,5,optimal,5501.845888286749,4107,0,0.6509804,3630cba,"Intel64 Family 6 Model 186 Stepping 3, GenuineIntel"
dual simplex,25fv47.mps,e0da0d47ae56bef34f11ac03563027da57dd4ab792d978c0dc8e27a16117f627,basic,5,optimal,5501.845888286749,4107,0,0.6479345,3630cba,"Intel64 Family 6 Model 186 Stepping 3, GenuineIntel"
dual simplex,25fv47.mps,e0da0d47ae56bef34f11ac03563027da57dd4ab792d978c0dc8e27a16117f627,detailed,5,optimal,5501.845888286749,4107,0,0.6690665,3630cba,"Intel64 Family 6 Model 186 Stepping 3, GenuineIntel"
interior point,25fv47.mps,e0da0d47ae56bef34f11ac03563027da57dd4ab792d978c0dc8e27a16117f627,main,1,numerical_error,25.291700000000013,76,0,0.4414423,3630cba,"Intel64 Family 6 Model 186 Stepping 3, GenuineIntel"
interior point,25fv47.mps,e0da0d47ae56bef34f11ac03563027da57dd4ab792d978c0dc8e27a16117f627,off,1,numerical_error,25.291700000000013,76,0,0.4934416,3630cba,"Intel64 Family 6 Model 186 Stepping 3, GenuineIntel"
interior point,25fv47.mps,e0da0d47ae56bef34f11ac03563027da57dd4ab792d978c0dc8e27a16117f627,basic,1,numerical_error,25.291700000000013,76,0,0.3962472,3630cba,"Intel64 Family 6 Model 186 Stepping 3, GenuineIntel"
interior point,25fv47.mps,e0da0d47ae56bef34f11ac03563027da57dd4ab792d978c0dc8e27a16117f627,detailed,1,numerical_error,25.291700000000013,76,0,0.4176847,3630cba,"Intel64 Family 6 Model 186 Stepping 3, GenuineIntel"
interior point,25fv47.mps,e0da0d47ae56bef34f11ac03563027da57dd4ab792d978c0dc8e27a16117f627,main,2,numerical_error,25.291700000000013,76,0,0.4161752,3630cba,"Intel64 Family 6 Model 186 Stepping 3, GenuineIntel"
interior point,25fv47.mps,e0da0d47ae56bef34f11ac03563027da57dd4ab792d978c0dc8e27a16117f627,off,2,numerical_error,25.291700000000013,76,0,0.4048166,3630cba,"Intel64 Family 6 Model 186 Stepping 3, GenuineIntel"
interior point,25fv47.mps,e0da0d47ae56bef34f11ac03563027da57dd4ab792d978c0dc8e27a16117f627,basic,2,numerical_error,25.291700000000013,76,0,0.4146142,3630cba,"Intel64 Family 6 Model 186 Stepping 3, GenuineIntel"
interior point,25fv47.mps,e0da0d47ae56bef34f11ac03563027da57dd4ab792d978c0dc8e27a16117f627,detailed,2,numerical_error,25.291700000000013,76,0,0.4481162,3630cba,"Intel64 Family 6 Model 186 Stepping 3, GenuineIntel"
interior point,25fv47.mps,e0da0d47ae56bef34f11ac03563027da57dd4ab792d978c0dc8e27a16117f627,main,3,numerical_error,25.291700000000013,76,0,0.4159123,3630cba,"Intel64 Family 6 Model 186 Stepping 3, GenuineIntel"
interior point,25fv47.mps,e0da0d47ae56bef34f11ac03563027da57dd4ab792d978c0dc8e27a16117f627,off,3,numerical_error,25.291700000000013,76,0,0.4135789,3630cba,"Intel64 Family 6 Model 186 Stepping 3, GenuineIntel"
interior point,25fv47.mps,e0da0d47ae56bef34f11ac03563027da57dd4ab792d978c0dc8e27a16117f627,basic,3,numerical_error,25.291700000000013,76,0,0.4176596,3630cba,"Intel64 Family 6 Model 186 Stepping 3, GenuineIntel"
interior point,25fv47.mps,e0da0d47ae56bef34f11ac03563027da57dd4ab792d978c0dc8e27a16117f627,detailed,3,numerical_error,25.291700000000013,76,0,0.409804,3630cba,"Intel64 Family 6 Model 186 Stepping 3, GenuineIntel"
interior point,25fv47.mps,e0da0d47ae56bef34f11ac03563027da57dd4ab792d978c0dc8e27a16117f627,main,4,numerical_error,25.291700000000013,76,0,0.4233885,3630cba,"Intel64 Family 6 Model 186 Stepping 3, GenuineIntel"
interior point,25fv47.mps,e0da0d47ae56bef34f11ac03563027da57dd4ab792d978c0dc8e27a16117f627,off,4,numerical_error,25.291700000000013,76,0,0.4526646,3630cba,"Intel64 Family 6 Model 186 Stepping 3, GenuineIntel"
interior point,25fv47.mps,e0da0d47ae56bef34f11ac03563027da57dd4ab792d978c0dc8e27a16117f627,basic,4,numerical_error,25.291700000000013,76,0,0.4084599,3630cba,"Intel64 Family 6 Model 186 Stepping 3, GenuineIntel"
interior point,25fv47.mps,e0da0d47ae56bef34f11ac03563027da57dd4ab792d978c0dc8e27a16117f627,detailed,4,numerical_error,25.291700000000013,76,0,0.4351716,3630cba,"Intel64 Family 6 Model 186 Stepping 3, GenuineIntel"
interior point,25fv47.mps,e0da0d47ae56bef34f11ac03563027da57dd4ab792d978c0dc8e27a16117f627,main,5,numerical_error,25.291700000000013,76,0,0.4243609,3630cba,"Intel64 Family 6 Model 186 Stepping 3, GenuineIntel"
interior point,25fv47.mps,e0da0d47ae56bef34f11ac03563027da57dd4ab792d978c0dc8e27a16117f627,off,5,numerical_error,25.291700000000013,76,0,0.4332925,3630cba,"Intel64 Family 6 Model 186 Stepping 3, GenuineIntel"
interior point,25fv47.mps,e0da0d47ae56bef34f11ac03563027da57dd4ab792d978c0dc8e27a16117f627,basic,5,numerical_error,25.291700000000013,76,0,0.4265504,3630cba,"Intel64 Family 6 Model 186 Stepping 3, GenuineIntel"
interior point,25fv47.mps,e0da0d47ae56bef34f11ac03563027da57dd4ab792d978c0dc8e27a16117f627,detailed,5,numerical_error,25.291700000000013,76,0,0.4526492,3630cba,"Intel64 Family 6 Model 186 Stepping 3, GenuineIntel"
"PDHG, 20k iterations",25fv47.mps,e0da0d47ae56bef34f11ac03563027da57dd4ab792d978c0dc8e27a16117f627,main,1,iteration_limit,5501.994082211863,20000,0,1.0726917,3630cba,"Intel64 Family 6 Model 186 Stepping 3, GenuineIntel"
"PDHG, 20k iterations",25fv47.mps,e0da0d47ae56bef34f11ac03563027da57dd4ab792d978c0dc8e27a16117f627,off,1,iteration_limit,5501.994082211863,20000,0,2.0339426,3630cba,"Intel64 Family 6 Model 186 Stepping 3, GenuineIntel"
"PDHG, 20k iterations",25fv47.mps,e0da0d47ae56bef34f11ac03563027da57dd4ab792d978c0dc8e27a16117f627,basic,1,iteration_limit,5501.994082211863,20000,0,0.9222235,3630cba,"Intel64 Family 6 Model 186 Stepping 3, GenuineIntel"
"PDHG, 20k iterations",25fv47.mps,e0da0d47ae56bef34f11ac03563027da57dd4ab792d978c0dc8e27a16117f627,detailed,1,iteration_limit,5501.994082211863,20000,0,0.8763768,3630cba,"Intel64 Family 6 Model 186 Stepping 3, GenuineIntel"
"PDHG, 20k iterations",25fv47.mps,e0da0d47ae56bef34f11ac03563027da57dd4ab792d978c0dc8e27a16117f627,main,2,iteration_limit,5501.994082211863,20000,0,0.9959217,3630cba,"Intel64 Family 6 Model 186 Stepping 3, GenuineIntel"
"PDHG, 20k iterations",25fv47.mps,e0da0d47ae56bef34f11ac03563027da57dd4ab792d978c0dc8e27a16117f627,off,2,iteration_limit,5501.994082211863,20000,0,0.9447496,3630cba,"Intel64 Family 6 Model 186 Stepping 3, GenuineIntel"
"PDHG, 20k iterations",25fv47.mps,e0da0d47ae56bef34f11ac03563027da57dd4ab792d978c0dc8e27a16117f627,basic,2,iteration_limit,5501.994082211863,20000,0,0.8841925,3630cba,"Intel64 Family 6 Model 186 Stepping 3, GenuineIntel"
"PDHG, 20k iterations",25fv47.mps,e0da0d47ae56bef34f11ac03563027da57dd4ab792d978c0dc8e27a16117f627,detailed,2,iteration_limit,5501.994082211863,20000,0,0.9164528,3630cba,"Intel64 Family 6 Model 186 Stepping 3, GenuineIntel"
"PDHG, 20k iterations",25fv47.mps,e0da0d47ae56bef34f11ac03563027da57dd4ab792d978c0dc8e27a16117f627,main,3,iteration_limit,5501.994082211863,20000,0,1.0829017,3630cba,"Intel64 Family 6 Model 186 Stepping 3, GenuineIntel"
"PDHG, 20k iterations",25fv47.mps,e0da0d47ae56bef34f11ac03563027da57dd4ab792d978c0dc8e27a16117f627,off,3,iteration_limit,5501.994082211863,20000,0,0.9240864,3630cba,"Intel64 Family 6 Model 186 Stepping 3, GenuineIntel"
"PDHG, 20k iterations",25fv47.mps,e0da0d47ae56bef34f11ac03563027da57dd4ab792d978c0dc8e27a16117f627,basic,3,iteration_limit,5501.994082211863,20000,0,0.9497167,3630cba,"Intel64 Family 6 Model 186 Stepping 3, GenuineIntel"
"PDHG, 20k iterations",25fv47.mps,e0da0d47ae56bef34f11ac03563027da57dd4ab792d978c0dc8e27a16117f627,detailed,3,iteration_limit,5501.994082211863,20000,0,0.9159642,3630cba,"Intel64 Family 6 Model 186 Stepping 3, GenuineIntel"
"PDHG, 20k iterations",25fv47.mps,e0da0d47ae56bef34f11ac03563027da57dd4ab792d978c0dc8e27a16117f627,main,4,iteration_limit,5501.994082211863,20000,0,0.9970223,3630cba,"Intel64 Family 6 Model 186 Stepping 3, GenuineIntel"
"PDHG, 20k iterations",25fv47.mps,e0da0d47ae56bef34f11ac03563027da57dd4ab792d978c0dc8e27a16117f627,off,4,iteration_limit,5501.994082211863,20000,0,0.9240178,3630cba,"Intel64 Family 6 Model 186 Stepping 3, GenuineIntel"
"PDHG, 20k iterations",25fv47.mps,e0da0d47ae56bef34f11ac03563027da57dd4ab792d978c0dc8e27a16117f627,basic,4,iteration_limit,5501.994082211863,20000,0,0.9690839,3630cba,"Intel64 Family 6 Model 186 Stepping 3, GenuineIntel"
"PDHG, 20k iterations",25fv47.mps,e0da0d47ae56bef34f11ac03563027da57dd4ab792d978c0dc8e27a16117f627,detailed,4,iteration_limit,5501.994082211863,20000,0,0.9239589,3630cba,"Intel64 Family 6 Model 186 Stepping 3, GenuineIntel"
"PDHG, 20k iterations",25fv47.mps,e0da0d47ae56bef34f11ac03563027da57dd4ab792d978c0dc8e27a16117f627,main,5,iteration_limit,5501.994082211863,20000,0,1.0478989,3630cba,"Intel64 Family 6 Model 186 Stepping 3, GenuineIntel"
"PDHG, 20k iterations",25fv47.mps,e0da0d47ae56bef34f11ac03563027da57dd4ab792d978c0dc8e27a16117f627,off,5,iteration_limit,5501.994082211863,20000,0,0.9311444,3630cba,"Intel64 Family 6 Model 186 Stepping 3, GenuineIntel"
"PDHG, 20k iterations",25fv47.mps,e0da0d47ae56bef34f11ac03563027da57dd4ab792d978c0dc8e27a16117f627,basic,5,iteration_limit,5501.994082211863,20000,0,0.9316903,3630cba,"Intel64 Family 6 Model 186 Stepping 3, GenuineIntel"
"PDHG, 20k iterations",25fv47.mps,e0da0d47ae56bef34f11ac03563027da57dd4ab792d978c0dc8e27a16117f627,detailed,5,iteration_limit,5501.994082211863,20000,0,0.9287967,3630cba,"Intel64 Family 6 Model 186 Stepping 3, GenuineIntel"
MILP p0201,p0201.mps.gz,2ecd7f035c546453ffd5e4fe12cf41c111be192411c4cb7e268b3c8ba81e5335,main,1,optimal,7615.0,0,612,2.7139554,3630cba,"Intel64 Family 6 Model 186 Stepping 3, GenuineIntel"
MILP p0201,p0201.mps.gz,2ecd7f035c546453ffd5e4fe12cf41c111be192411c4cb7e268b3c8ba81e5335,off,1,optimal,7615.0,0,612,2.9951399,3630cba,"Intel64 Family 6 Model 186 Stepping 3, GenuineIntel"
MILP p0201,p0201.mps.gz,2ecd7f035c546453ffd5e4fe12cf41c111be192411c4cb7e268b3c8ba81e5335,basic,1,optimal,7615.0,0,612,2.9575978,3630cba,"Intel64 Family 6 Model 186 Stepping 3, GenuineIntel"
MILP p0201,p0201.mps.gz,2ecd7f035c546453ffd5e4fe12cf41c111be192411c4cb7e268b3c8ba81e5335,detailed,1,optimal,7615.0,0,612,3.9385153,3630cba,"Intel64 Family 6 Model 186 Stepping 3, GenuineIntel"
MILP p0201,p0201.mps.gz,2ecd7f035c546453ffd5e4fe12cf41c111be192411c4cb7e268b3c8ba81e5335,main,2,optimal,7615.0,0,612,2.759013,3630cba,"Intel64 Family 6 Model 186 Stepping 3, GenuineIntel"
MILP p0201,p0201.mps.gz,2ecd7f035c546453ffd5e4fe12cf41c111be192411c4cb7e268b3c8ba81e5335,off,2,optimal,7615.0,0,612,2.6509103,3630cba,"Intel64 Family 6 Model 186 Stepping 3, GenuineIntel"
MILP p0201,p0201.mps.gz,2ecd7f035c546453ffd5e4fe12cf41c111be192411c4cb7e268b3c8ba81e5335,basic,2,optimal,7615.0,0,612,2.7131817,3630cba,"Intel64 Family 6 Model 186 Stepping 3, GenuineIntel"
MILP p0201,p0201.mps.gz,2ecd7f035c546453ffd5e4fe12cf41c111be192411c4cb7e268b3c8ba81e5335,detailed,2,optimal,7615.0,0,612,3.0304107,3630cba,"Intel64 Family 6 Model 186 Stepping 3, GenuineIntel"
MILP p0201,p0201.mps.gz,2ecd7f035c546453ffd5e4fe12cf41c111be192411c4cb7e268b3c8ba81e5335,main,3,optimal,7615.0,0,612,2.7285749,3630cba,"Intel64 Family 6 Model 186 Stepping 3, GenuineIntel"
MILP p0201,p0201.mps.gz,2ecd7f035c546453ffd5e4fe12cf41c111be192411c4cb7e268b3c8ba81e5335,off,3,optimal,7615.0,0,612,2.7435027,3630cba,"Intel64 Family 6 Model 186 Stepping 3, GenuineIntel"
MILP p0201,p0201.mps.gz,2ecd7f035c546453ffd5e4fe12cf41c111be192411c4cb7e268b3c8ba81e5335,basic,3,optimal,7615.0,0,612,2.72726,3630cba,"Intel64 Family 6 Model 186 Stepping 3, GenuineIntel"
MILP p0201,p0201.mps.gz,2ecd7f035c546453ffd5e4fe12cf41c111be192411c4cb7e268b3c8ba81e5335,detailed,3,optimal,7615.0,0,612,2.6867564,3630cba,"Intel64 Family 6 Model 186 Stepping 3, GenuineIntel"
MILP p0201,p0201.mps.gz,2ecd7f035c546453ffd5e4fe12cf41c111be192411c4cb7e268b3c8ba81e5335,main,4,optimal,7615.0,0,612,2.7412935,3630cba,"Intel64 Family 6 Model 186 Stepping 3, GenuineIntel"
MILP p0201,p0201.mps.gz,2ecd7f035c546453ffd5e4fe12cf41c111be192411c4cb7e268b3c8ba81e5335,off,4,optimal,7615.0,0,612,2.7912002,3630cba,"Intel64 Family 6 Model 186 Stepping 3, GenuineIntel"
MILP p0201,p0201.mps.gz,2ecd7f035c546453ffd5e4fe12cf41c111be192411c4cb7e268b3c8ba81e5335,basic,4,optimal,7615.0,0,612,3.8116628,3630cba,"Intel64 Family 6 Model 186 Stepping 3, GenuineIntel"
MILP p0201,p0201.mps.gz,2ecd7f035c546453ffd5e4fe12cf41c111be192411c4cb7e268b3c8ba81e5335,detailed,4,optimal,7615.0,0,612,2.7909486,3630cba,"Intel64 Family 6 Model 186 Stepping 3, GenuineIntel"
MILP p0201,p0201.mps.gz,2ecd7f035c546453ffd5e4fe12cf41c111be192411c4cb7e268b3c8ba81e5335,main,5,optimal,7615.0,0,612,2.6357079,3630cba,"Intel64 Family 6 Model 186 Stepping 3, GenuineIntel"
MILP p0201,p0201.mps.gz,2ecd7f035c546453ffd5e4fe12cf41c111be192411c4cb7e268b3c8ba81e5335,off,5,optimal,7615.0,0,612,2.7173126,3630cba,"Intel64 Family 6 Model 186 Stepping 3, GenuineIntel"
MILP p0201,p0201.mps.gz,2ecd7f035c546453ffd5e4fe12cf41c111be192411c4cb7e268b3c8ba81e5335,basic,5,optimal,7615.0,0,612,2.6805328,3630cba,"Intel64 Family 6 Model 186 Stepping 3, GenuineIntel"
MILP p0201,p0201.mps.gz,2ecd7f035c546453ffd5e4fe12cf41c111be192411c4cb7e268b3c8ba81e5335,detailed,5,optimal,7615.0,0,612,2.7582784,3630cba,"Intel64 Family 6 Model 186 Stepping 3, GenuineIntel"
MILP f2gap40400,f2gap40400.mps.gz,f592e8d127e1f3c5d36d65b05ddcb88ad5bf34d23de7e22941fd050221314a74,main,1,optimal,20772.0,0,542,3.4084054,3630cba,"Intel64 Family 6 Model 186 Stepping 3, GenuineIntel"
MILP f2gap40400,f2gap40400.mps.gz,f592e8d127e1f3c5d36d65b05ddcb88ad5bf34d23de7e22941fd050221314a74,off,1,optimal,20772.0,0,542,3.5889347,3630cba,"Intel64 Family 6 Model 186 Stepping 3, GenuineIntel"
MILP f2gap40400,f2gap40400.mps.gz,f592e8d127e1f3c5d36d65b05ddcb88ad5bf34d23de7e22941fd050221314a74,basic,1,optimal,20772.0,0,542,3.4770894,3630cba,"Intel64 Family 6 Model 186 Stepping 3, GenuineIntel"
MILP f2gap40400,f2gap40400.mps.gz,f592e8d127e1f3c5d36d65b05ddcb88ad5bf34d23de7e22941fd050221314a74,detailed,1,optimal,20772.0,0,542,5.0201789,3630cba,"Intel64 Family 6 Model 186 Stepping 3, GenuineIntel"
MILP f2gap40400,f2gap40400.mps.gz,f592e8d127e1f3c5d36d65b05ddcb88ad5bf34d23de7e22941fd050221314a74,main,2,optimal,20772.0,0,542,3.5210326,3630cba,"Intel64 Family 6 Model 186 Stepping 3, GenuineIntel"
MILP f2gap40400,f2gap40400.mps.gz,f592e8d127e1f3c5d36d65b05ddcb88ad5bf34d23de7e22941fd050221314a74,off,2,optimal,20772.0,0,542,3.3993547,3630cba,"Intel64 Family 6 Model 186 Stepping 3, GenuineIntel"
MILP f2gap40400,f2gap40400.mps.gz,f592e8d127e1f3c5d36d65b05ddcb88ad5bf34d23de7e22941fd050221314a74,basic,2,optimal,20772.0,0,542,3.7428994,3630cba,"Intel64 Family 6 Model 186 Stepping 3, GenuineIntel"
MILP f2gap40400,f2gap40400.mps.gz,f592e8d127e1f3c5d36d65b05ddcb88ad5bf34d23de7e22941fd050221314a74,detailed,2,optimal,20772.0,0,542,3.5327983,3630cba,"Intel64 Family 6 Model 186 Stepping 3, GenuineIntel"
MILP f2gap40400,f2gap40400.mps.gz,f592e8d127e1f3c5d36d65b05ddcb88ad5bf34d23de7e22941fd050221314a74,main,3,optimal,20772.0,0,542,3.5927783,3630cba,"Intel64 Family 6 Model 186 Stepping 3, GenuineIntel"
MILP f2gap40400,f2gap40400.mps.gz,f592e8d127e1f3c5d36d65b05ddcb88ad5bf34d23de7e22941fd050221314a74,off,3,optimal,20772.0,0,542,3.6303631,3630cba,"Intel64 Family 6 Model 186 Stepping 3, GenuineIntel"
MILP f2gap40400,f2gap40400.mps.gz,f592e8d127e1f3c5d36d65b05ddcb88ad5bf34d23de7e22941fd050221314a74,basic,3,optimal,20772.0,0,542,3.3798459,3630cba,"Intel64 Family 6 Model 186 Stepping 3, GenuineIntel"
MILP f2gap40400,f2gap40400.mps.gz,f592e8d127e1f3c5d36d65b05ddcb88ad5bf34d23de7e22941fd050221314a74,detailed,3,optimal,20772.0,0,542,3.435337,3630cba,"Intel64 Family 6 Model 186 Stepping 3, GenuineIntel"
MILP f2gap40400,f2gap40400.mps.gz,f592e8d127e1f3c5d36d65b05ddcb88ad5bf34d23de7e22941fd050221314a74,main,4,optimal,20772.0,0,542,6.2212958,3630cba,"Intel64 Family 6 Model 186 Stepping 3, GenuineIntel"
MILP f2gap40400,f2gap40400.mps.gz,f592e8d127e1f3c5d36d65b05ddcb88ad5bf34d23de7e22941fd050221314a74,off,4,optimal,20772.0,0,542,3.4763182,3630cba,"Intel64 Family 6 Model 186 Stepping 3, GenuineIntel"
MILP f2gap40400,f2gap40400.mps.gz,f592e8d127e1f3c5d36d65b05ddcb88ad5bf34d23de7e22941fd050221314a74,basic,4,optimal,20772.0,0,542,3.4671045,3630cba,"Intel64 Family 6 Model 186 Stepping 3, GenuineIntel"
MILP f2gap40400,f2gap40400.mps.gz,f592e8d127e1f3c5d36d65b05ddcb88ad5bf34d23de7e22941fd050221314a74,detailed,4,optimal,20772.0,0,542,3.4050255,3630cba,"Intel64 Family 6 Model 186 Stepping 3, GenuineIntel"
MILP f2gap40400,f2gap40400.mps.gz,f592e8d127e1f3c5d36d65b05ddcb88ad5bf34d23de7e22941fd050221314a74,main,5,optimal,20772.0,0,542,3.5072277,3630cba,"Intel64 Family 6 Model 186 Stepping 3, GenuineIntel"
MILP f2gap40400,f2gap40400.mps.gz,f592e8d127e1f3c5d36d65b05ddcb88ad5bf34d23de7e22941fd050221314a74,off,5,optimal,20772.0,0,542,3.3616539,3630cba,"Intel64 Family 6 Model 186 Stepping 3, GenuineIntel"
MILP f2gap40400,f2gap40400.mps.gz,f592e8d127e1f3c5d36d65b05ddcb88ad5bf34d23de7e22941fd050221314a74,basic,5,optimal,20772.0,0,542,3.4012421,3630cba,"Intel64 Family 6 Model 186 Stepping 3, GenuineIntel"
MILP f2gap40400,f2gap40400.mps.gz,f592e8d127e1f3c5d36d65b05ddcb88ad5bf34d23de7e22941fd050221314a74,detailed,5,optimal,20772.0,0,542,3.529098,3630cba,"Intel64 Family 6 Model 186 Stepping 3, GenuineIntel"
