family,parameter,value,seed,rows,columns,status,objective,expected_objective,relative_error,primal_infeasibility,dual_infeasibility,verified,iterations,solver_seconds,message,git_commit,machine,timestamp_utc,solver_options
conditioning,entry spread 10^k,0,71000,10,12,optimal,7.9999999999999964,8.0,4.440892098500626e-16,,,1,9,0.0021682,,adcee1b,Windows-AMD64,2026-09-06T17:29:00+00:00,
conditioning,entry spread 10^k,0,72000,10,12,optimal,325.0,325.0,0.0,,,1,16,0.0005399,,adcee1b,Windows-AMD64,2026-09-06T17:29:00+00:00,
conditioning,entry spread 10^k,0,73000,10,12,optimal,-143.99999999999994,-144.0,3.9474596431116675e-16,,,1,15,0.0009633,,adcee1b,Windows-AMD64,2026-09-06T17:29:00+00:00,
conditioning,entry spread 10^k,2,71002,10,12,optimal,-40.99999999999993,-41.0,1.7330310628295126e-15,,,1,9,0.0008406,,adcee1b,Windows-AMD64,2026-09-06T17:29:00+00:00,
conditioning,entry spread 10^k,2,72002,10,12,optimal,82.99999999999994,83.0,6.848604682025062e-16,,,1,14,0.000449,,adcee1b,Windows-AMD64,2026-09-06T17:29:00+00:00,
conditioning,entry spread 10^k,2,73002,10,12,optimal,-146.0,-146.0,0.0,,,1,12,0.0005786,,adcee1b,Windows-AMD64,2026-09-06T17:29:00+00:00,
conditioning,entry spread 10^k,4,71004,10,12,optimal,-336.0,-336.0,0.0,,,1,8,0.0003824,,adcee1b,Windows-AMD64,2026-09-06T17:29:00+00:00,
conditioning,entry spread 10^k,4,72004,10,12,optimal,-124.00000000000003,-124.0,2.2920733411616134e-16,,,1,13,0.0004181,,adcee1b,Windows-AMD64,2026-09-06T17:29:00+00:00,
conditioning,entry spread 10^k,4,73004,10,12,optimal,-251.99999999999991,-252.0,3.383536836952858e-16,,,1,18,0.0006709,,adcee1b,Windows-AMD64,2026-09-06T17:29:00+00:00,
conditioning,entry spread 10^k,6,71006,10,12,optimal,-27.999999999999993,-28.0,2.5376526277146434e-16,,,1,14,0.0010363,,adcee1b,Windows-AMD64,2026-09-06T17:29:00+00:00,
conditioning,entry spread 10^k,6,72006,10,12,optimal,-262.99999999999994,-263.0,2.161346724745552e-16,,,1,14,0.000427,,adcee1b,Windows-AMD64,2026-09-06T17:29:00+00:00,
conditioning,entry spread 10^k,6,73006,10,12,optimal,58.00000000000004,58.0,7.350442094070002e-16,,,1,13,0.0004252,,adcee1b,Windows-AMD64,2026-09-06T17:29:00+00:00,
conditioning,entry spread 10^k,8,71008,10,12,optimal,-90.00000000000007,-90.0,7.894919286223335e-16,,,1,11,0.000926,,adcee1b,Windows-AMD64,2026-09-06T17:29:00+00:00,
conditioning,entry spread 10^k,8,72008,10,12,optimal,205.00000000000006,205.0,2.77284970052722e-16,,,1,12,0.0014124,,adcee1b,Windows-AMD64,2026-09-06T17:29:00+00:00,
conditioning,entry spread 10^k,8,73008,10,12,optimal,-127.0,-127.0,0.0,,,1,17,0.0005182,,adcee1b,Windows-AMD64,2026-09-06T17:29:00+00:00,
conditioning,entry spread 10^k,10,71010,10,12,optimal,-582.0,-582.0,0.0,,,1,14,0.0006338,,adcee1b,Windows-AMD64,2026-09-06T17:29:00+00:00,
conditioning,entry spread 10^k,10,72010,10,12,optimal,-533.0000000000001,-533.0,2.1329613080978617e-16,,,1,9,0.0006125,,adcee1b,Windows-AMD64,2026-09-06T17:29:00+00:00,
conditioning,entry spread 10^k,10,73010,10,12,optimal,-69.99999999999999,-70.0,2.0301221021717148e-16,,,1,8,0.0003837,,adcee1b,Windows-AMD64,2026-09-06T17:29:00+00:00,
conditioning,entry spread 10^k,12,71012,10,12,infeasible,0.0,163.0,1.0,,,,0,0.0001545,row 7 needs activity of at least 8e-06 but the column bounds cap it at 0,adcee1b,Windows-AMD64,2026-09-06T17:29:00+00:00,
conditioning,entry spread 10^k,12,72012,10,12,optimal,-44.952517985611735,-48.0,0.06348920863308886,,,0,10,0.0012291,[FAIL] row activity                worst violation 7.560e-05 (7.560e-05 relative to the row's terms) on R1; [FAIL] activity agreement          max |ours - solver's| = 1.829e-04; [FAIL] reduced costs  ,adcee1b,Windows-AMD64,2026-09-06T17:29:00+00:00,
conditioning,entry spread 10^k,12,73012,10,12,infeasible,0.0,66.0,1.0,,,,11,0.0013133,"phase 1 terminated with max bound violation 7.178e+00, far above the 1.0e-07 feasibility tolerance",adcee1b,Windows-AMD64,2026-09-06T17:29:00+00:00,
conditioning,entry spread 10^k,14,71014,10,12,numerical_error,0.0,98.0,1.0,,,,114,0.0029977,"phase 1 stalled at max bound violation 8.731e-06, only just above the 1.0e-07 feasibility tolerance; no column prices as improving, but this is a numerical stall rather than a proof that the model is ",adcee1b,Windows-AMD64,2026-09-06T17:29:00+00:00,
conditioning,entry spread 10^k,14,72014,10,12,numerical_error,0.0,156.0,1.0,,,,10,0.0011773,"phase 1 stalled at max bound violation 3.489e-06, only just above the 1.0e-07 feasibility tolerance; no column prices as improving, but this is a numerical stall rather than a proof that the model is ",adcee1b,Windows-AMD64,2026-09-06T17:29:00+00:00,
conditioning,entry spread 10^k,14,73014,10,12,optimal,4121.666666666665,40.0,102.04166666666663,,,0,11,0.0007792,[FAIL] row activity                worst violation 1.325e-05 (1.325e-05 relative to the row's terms) on R3; [FAIL] activity agreement          max |ours - solver's| = 3.975e-05; [FAIL] reduced costs  ,adcee1b,Windows-AMD64,2026-09-06T17:29:00+00:00,
conditioning,entry spread 10^k,16,71016,10,12,numerical_error,0.0,411.0,1.0,,,,5,0.0004773,"phase 1 stalled at max bound violation 1.060e-07, only just above the 1.0e-07 feasibility tolerance; no column prices as improving, but this is a numerical stall rather than a proof that the model is ",adcee1b,Windows-AMD64,2026-09-06T17:29:00+00:00,
conditioning,entry spread 10^k,16,72016,10,12,numerical_error,0.0,-120.0,1.0,,,,21,0.0007703,"phase 1 stalled at max bound violation 1.293e-07, only just above the 1.0e-07 feasibility tolerance; no column prices as improving, but this is a numerical stall rather than a proof that the model is ",adcee1b,Windows-AMD64,2026-09-06T17:29:00+00:00,
conditioning,entry spread 10^k,16,73016,10,12,unbounded,0.0,-54.0,1.0,,,,7,0.0004957,,adcee1b,Windows-AMD64,2026-09-06T17:29:00+00:00,
conditioning,entry spread 10^k,18,71018,10,12,optimal,123.64814814814815,-43.0,3.875538329026701,,,1,8,0.0004978,the scaled attempt claimed unbounded but the other attempt did not; the claim is withheld and the non-claiming result is reported,adcee1b,Windows-AMD64,2026-09-06T17:29:00+00:00,
conditioning,entry spread 10^k,18,72018,10,12,optimal,60.6818312594404,335.0,0.8188602051957002,,,0,10,0.0006759,[FAIL] complementary slackness     worst |multiplier| * slack = 5.145e+01 on R1,adcee1b,Windows-AMD64,2026-09-06T17:29:00+00:00,
conditioning,entry spread 10^k,18,73018,10,12,optimal,-822.5999999999999,-372.0,1.2112903225806448,,,0,15,0.0004247,[FAIL] row activity                worst violation 1.322e-07 (1.322e-07 relative to the row's terms) on R3; [FAIL] complementary slackness     worst |multiplier| * slack = 7.677e+02 on R5,adcee1b,Windows-AMD64,2026-09-06T17:29:00+00:00,
conditioning,entry spread 10^k,20,71020,10,12,optimal,-484.29485049834034,-253.0,0.9142088952503571,,,0,8,0.0008345,[FAIL] complementary slackness     worst |multiplier| * slack = 1.990e+03 on R9,adcee1b,Windows-AMD64,2026-09-06T17:29:00+00:00,
conditioning,entry spread 10^k,20,72020,10,12,optimal,-63.746031746031804,-215.0,0.7035068290882242,,,0,8,0.0005313,[FAIL] complementary slackness     worst |multiplier| * slack = 3.480e+02 on R1,adcee1b,Windows-AMD64,2026-09-06T17:29:00+00:00,
conditioning,entry spread 10^k,20,73020,10,12,feasible,-296.6963636363637,-488.0,0.39201564828614,,,1,5,0.0010876,"engine reported optimal but the reduced costs violate dual feasibility by 1.406e+11 (1.752e+00 relative to the terms they are computed from), above the 1.0e-07 tolerance; reporting a feasible point ra",adcee1b,Windows-AMD64,2026-09-06T17:29:00+00:00,
conditioning,entry spread 10^k,22,71022,10,12,optimal,-384.6666666666667,-403.0,0.045492142266335765,,,1,3,0.00083,,adcee1b,Windows-AMD64,2026-09-06T17:29:00+00:00,
conditioning,entry spread 10^k,22,72022,10,12,feasible,273.3884615384615,153.0,0.7868526897938661,,,1,4,0.0011666,"engine reported optimal but the reduced costs violate dual feasibility by 1.560e+12 (3.546e-01 relative to the terms they are computed from), above the 1.0e-07 tolerance; reporting a feasible point ra",adcee1b,Windows-AMD64,2026-09-06T17:29:00+00:00,
conditioning,entry spread 10^k,22,73022,10,12,optimal,-150.1550595238096,-291.0,0.48400323187694294,,,1,6,0.0005573,,adcee1b,Windows-AMD64,2026-09-06T17:29:00+00:00,
conditioning,entry spread 10^k,24,71024,10,12,optimal,50.8452830188679,68.0,0.25227524972253085,,,1,5,0.0019001,the scaled attempt claimed unbounded but the other attempt did not; the claim is withheld and the non-claiming result is reported,adcee1b,Windows-AMD64,2026-09-06T17:29:00+00:00,
conditioning,entry spread 10^k,24,72024,10,12,optimal,-0.8574423480084938,-223.0,0.9961549670492892,,,1,6,0.0005792,the scaled attempt claimed unbounded but the other attempt did not; the claim is withheld and the non-claiming result is reported,adcee1b,Windows-AMD64,2026-09-06T17:29:00+00:00,
conditioning,entry spread 10^k,24,73024,10,12,optimal,170.17185473411178,83.0,1.0502633100495395,,,0,12,0.0004476,[FAIL] complementary slackness     worst |multiplier| * slack = 1.510e+02 on R1,adcee1b,Windows-AMD64,2026-09-06T17:29:00+00:00,
conditioning,entry spread 10^k,26,71026,10,12,optimal,190.13964507489908,284.0,0.3304942074827497,,,0,9,0.0003556,[FAIL] complementary slackness     worst |multiplier| * slack = 4.299e+01 on R1,adcee1b,Windows-AMD64,2026-09-06T17:29:00+00:00,
conditioning,entry spread 10^k,26,72026,10,12,optimal,-140.0,-151.0,0.0728476821192053,,,1,4,0.0006363,,adcee1b,Windows-AMD64,2026-09-06T17:29:00+00:00,
conditioning,entry spread 10^k,26,73026,10,12,feasible,89.64285714285714,-33.0,3.7164502164502164,,,1,3,0.0005839,"engine reported optimal but the reduced costs violate dual feasibility by 2.368e+14 (9.485e-01 relative to the terms they are computed from), above the 1.0e-07 tolerance; reporting a feasible point ra",adcee1b,Windows-AMD64,2026-09-06T17:29:00+00:00,
conditioning,entry spread 10^k,28,71028,10,12,optimal,859.8,-115.0,8.476521739130435,,,1,4,0.0005016,the scaled attempt claimed unbounded but the other attempt did not; the claim is withheld and the non-claiming result is reported,adcee1b,Windows-AMD64,2026-09-06T17:29:00+00:00,
conditioning,entry spread 10^k,28,72028,10,12,feasible,43.09268292682928,202.0,0.786669886500845,,,1,5,0.0010186,the scaled attempt claimed unbounded but the other attempt did not; the claim is withheld and the non-claiming result is reported; engine reported optimal but the reduced costs violate dual feasibilit,adcee1b,Windows-AMD64,2026-09-06T17:29:00+00:00,
conditioning,entry spread 10^k,28,73028,10,12,optimal,151.2808219178082,148.0,0.022167715660866196,,,1,4,0.0007354,the scaled attempt claimed unbounded but the other attempt did not; the claim is withheld and the non-claiming result is reported,adcee1b,Windows-AMD64,2026-09-06T17:29:00+00:00,
conditioning,entry spread 10^k,30,71030,10,12,feasible,-263.50000000000006,-97.0,1.7164948453608253,,,1,5,0.0012125,the scaled attempt claimed unbounded but the other attempt did not; the claim is withheld and the non-claiming result is reported; engine reported optimal but the reduced costs violate dual feasibilit,adcee1b,Windows-AMD64,2026-09-06T17:29:00+00:00,
conditioning,entry spread 10^k,30,72030,10,12,optimal,-169.16666666666663,-442.0,0.6172699849170439,,,0,3,0.0004289,[FAIL] complementary slackness     worst |multiplier| * slack = 1.667e+01 on R1,adcee1b,Windows-AMD64,2026-09-06T17:29:00+00:00,
conditioning,entry spread 10^k,30,73030,10,12,optimal,-40.39600000000003,10.0,5.039600000000003,,,0,7,0.0004425,[FAIL] complementary slackness     worst |multiplier| * slack = 7.287e+01 on R1,adcee1b,Windows-AMD64,2026-09-06T17:29:00+00:00,
near_parallel,twin rows differing by a relative 10^-k,0,71000,14,10,optimal,-223.99999999999994,-224.0,2.5376526277146434e-16,,,1,9,0.0004049,,adcee1b,Windows-AMD64,2026-09-06T17:29:00+00:00,
near_parallel,twin rows differing by a relative 10^-k,0,72000,14,10,optimal,70.99999999999997,71.0,4.0030576662540856e-16,,,1,8,0.0005706,,adcee1b,Windows-AMD64,2026-09-06T17:29:00+00:00,
near_parallel,twin rows differing by a relative 10^-k,0,73000,14,10,optimal,-73.0,-73.0,0.0,,,1,12,0.0004202,,adcee1b,Windows-AMD64,2026-09-06T17:29:00+00:00,
near_parallel,twin rows differing by a relative 10^-k,1,71001,14,10,optimal,-101.00000000000001,-101.0,1.407015318336832e-16,,,1,11,0.0011109,,adcee1b,Windows-AMD64,2026-09-06T17:29:00+00:00,
near_parallel,twin rows differing by a relative 10^-k,1,72001,14,10,optimal,36.0,36.0,0.0,,,1,10,0.0004194,,adcee1b,Windows-AMD64,2026-09-06T17:29:00+00:00,
near_parallel,twin rows differing by a relative 10^-k,1,73001,14,10,optimal,-286.0,-286.0,0.0,,,1,12,0.0007265,,adcee1b,Windows-AMD64,2026-09-06T17:29:00+00:00,
near_parallel,twin rows differing by a relative 10^-k,2,71002,14,10,optimal,-262.0000000000001,-262.0,4.3391922794509933e-16,,,1,13,0.0010336,,adcee1b,Windows-AMD64,2026-09-06T17:29:00+00:00,
near_parallel,twin rows differing by a relative 10^-k,2,72002,14,10,optimal,-143.0,-143.0,0.0,,,1,9,0.0009345,,adcee1b,Windows-AMD64,2026-09-06T17:29:00+00:00,
near_parallel,twin rows differing by a relative 10^-k,2,73002,14,10,optimal,385.00000000000006,385.0,1.4764524379430653e-16,,,1,10,0.0006546,,adcee1b,Windows-AMD64,2026-09-06T17:29:00+00:00,
near_parallel,twin rows differing by a relative 10^-k,3,71003,14,10,optimal,-211.00000000000003,-211.0,1.3470004469385787e-16,,,1,9,0.0004226,,adcee1b,Windows-AMD64,2026-09-06T17:29:00+00:00,
near_parallel,twin rows differing by a relative 10^-k,3,72003,14,10,optimal,-17.999999999999993,-18.0,3.9474596431116675e-16,,,1,8,0.0004362,,adcee1b,Windows-AMD64,2026-09-06T17:29:00+00:00,
near_parallel,twin rows differing by a relative 10^-k,3,73003,14,10,optimal,20.999999999999986,21.0,6.767073673905716e-16,,,1,10,0.000575,,adcee1b,Windows-AMD64,2026-09-06T17:29:00+00:00,
near_parallel,twin rows differing by a relative 10^-k,4,71004,14,10,optimal,90.99999999999997,91.0,3.123264772571869e-16,,,1,13,0.0012396,,adcee1b,Windows-AMD64,2026-09-06T17:29:00+00:00,
near_parallel,twin rows differing by a relative 10^-k,4,72004,14,10,optimal,-53.999999999999986,-54.0,2.631639762074445e-16,,,1,9,0.0003993,,adcee1b,Windows-AMD64,2026-09-06T17:29:00+00:00,
near_parallel,twin rows differing by a relative 10^-k,4,73004,14,10,optimal,40.99999999999997,41.0,6.932124251318051e-16,,,1,13,0.0004632,,adcee1b,Windows-AMD64,2026-09-06T17:29:00+00:00,
near_parallel,twin rows differing by a relative 10^-k,5,71005,14,10,optimal,-110.00000000000001,-110.0,1.291895883200182e-16,,,1,11,0.0005488,,adcee1b,Windows-AMD64,2026-09-06T17:29:00+00:00,
near_parallel,twin rows differing by a relative 10^-k,5,72005,14,10,optimal,663.0,663.0,0.0,,,1,10,0.0004386,,adcee1b,Windows-AMD64,2026-09-06T17:29:00+00:00,
near_parallel,twin rows differing by a relative 10^-k,5,73005,14,10,optimal,168.00000000000003,168.0,1.691768418476429e-16,,,1,10,0.0004306,,adcee1b,Windows-AMD64,2026-09-06T17:29:00+00:00,
near_parallel,twin rows differing by a relative 10^-k,6,71006,14,10,optimal,148.00000000000006,148.0,3.8407715446491904e-16,,,1,9,0.0004437,,adcee1b,Windows-AMD64,2026-09-06T17:29:00+00:00,
near_parallel,twin rows differing by a relative 10^-k,6,72006,14,10,optimal,-310.0,-310.0,0.0,,,1,11,0.0010377,,adcee1b,Windows-AMD64,2026-09-06T17:29:00+00:00,
near_parallel,twin rows differing by a relative 10^-k,6,73006,14,10,optimal,153.00000000000003,153.0,1.8576280673466672e-16,,,1,12,0.0005386,,adcee1b,Windows-AMD64,2026-09-06T17:29:00+00:00,
near_parallel,twin rows differing by a relative 10^-k,7,71007,14,10,optimal,-78.99999999999997,-79.0,3.5976847380258237e-16,,,1,9,0.0004062,,adcee1b,Windows-AMD64,2026-09-06T17:29:00+00:00,
near_parallel,twin rows differing by a relative 10^-k,7,72007,14,10,optimal,-495.0000000000001,-495.0,2.2967037923558794e-16,,,1,12,0.0010781,,adcee1b,Windows-AMD64,2026-09-06T17:29:00+00:00,
near_parallel,twin rows differing by a relative 10^-k,7,73007,14,10,optimal,4.999999976013514,5.0,4.797297137315582e-09,,,1,10,0.0008773,,adcee1b,Windows-AMD64,2026-09-06T17:29:00+00:00,
near_parallel,twin rows differing by a relative 10^-k,8,71008,14,10,optimal,-235.0,-235.0,0.0,,,1,11,0.0010184,,adcee1b,Windows-AMD64,2026-09-06T17:29:00+00:00,
near_parallel,twin rows differing by a relative 10^-k,8,72008,14,10,optimal,47.00000000000001,47.0,1.5117930548087238e-16,,,1,9,0.0004185,,adcee1b,Windows-AMD64,2026-09-06T17:29:00+00:00,
near_parallel,twin rows differing by a relative 10^-k,8,73008,14,10,optimal,86.9999999843055,87.0,1.8039650999055774e-10,,,1,8,0.000397,,adcee1b,Windows-AMD64,2026-09-06T17:29:00+00:00,
near_parallel,twin rows differing by a relative 10^-k,9,71009,14,10,optimal,189.99999988011328,190.0,6.309827420792365e-10,,,1,9,0.0008776,,adcee1b,Windows-AMD64,2026-09-06T17:29:00+00:00,
near_parallel,twin rows differing by a relative 10^-k,9,72009,14,10,optimal,151.99999996188237,152.0,2.507739045660473e-10,,,1,12,0.0004552,,adcee1b,Windows-AMD64,2026-09-06T17:29:00+00:00,
near_parallel,twin rows differing by a relative 10^-k,9,73009,14,10,optimal,-248.99999999999994,-249.0,2.282868227341687e-16,,,1,10,0.0009509,,adcee1b,Windows-AMD64,2026-09-06T17:29:00+00:00,
near_parallel,twin rows differing by a relative 10^-k,10,71010,14,10,optimal,15.0,15.0,0.0,,,1,8,0.0004061,,adcee1b,Windows-AMD64,2026-09-06T17:29:00+00:00,
near_parallel,twin rows differing by a relative 10^-k,10,72010,14,10,optimal,-241.99999999999997,-242.0,1.1744508029092565e-16,,,1,11,0.0006312,,adcee1b,Windows-AMD64,2026-09-06T17:29:00+00:00,
near_parallel,twin rows differing by a relative 10^-k,10,73010,14,10,optimal,-9.0,-9.0,0.0,,,1,9,0.0004191,,adcee1b,Windows-AMD64,2026-09-06T17:29:00+00:00,
near_parallel,twin rows differing by a relative 10^-k,11,71011,14,10,optimal,4.8700599108997267e-11,0.0,4.8700599108997267e-11,,,1,8,0.00097,,adcee1b,Windows-AMD64,2026-09-06T17:29:00+00:00,
near_parallel,twin rows differing by a relative 10^-k,11,72011,14,10,optimal,-125.99999999996922,-126.0,2.4429135962799634e-13,,,1,8,0.0007857,,adcee1b,Windows-AMD64,2026-09-06T17:29:00+00:00,
near_parallel,twin rows differing by a relative 10^-k,11,73011,14,10,optimal,429.00000000000097,429.0,2.2525364117336508e-15,,,1,13,0.0006733,,adcee1b,Windows-AMD64,2026-09-06T17:29:00+00:00,
near_parallel,twin rows differing by a relative 10^-k,12,71012,14,10,optimal,94.00000000000004,94.0,4.535379164426171e-16,,,1,13,0.0009712,,adcee1b,Windows-AMD64,2026-09-06T17:29:00+00:00,
near_parallel,twin rows differing by a relative 10^-k,12,72012,14,10,optimal,-106.99999999999999,-107.0,1.328117263102991e-16,,,1,6,0.0003476,,adcee1b,Windows-AMD64,2026-09-06T17:29:00+00:00,
near_parallel,twin rows differing by a relative 10^-k,12,73012,14,10,optimal,167.00000000000603,167.0,3.60802538876985e-14,,,1,8,0.0009136,,adcee1b,Windows-AMD64,2026-09-06T17:29:00+00:00,
near_parallel,twin rows differing by a relative 10^-k,13,71013,14,10,optimal,262.00000000000006,262.0,2.1695961397254967e-16,,,1,8,0.0005099,,adcee1b,Windows-AMD64,2026-09-06T17:29:00+00:00,
near_parallel,twin rows differing by a relative 10^-k,13,72013,14,10,optimal,32.0,32.0,0.0,,,1,7,0.0003691,,adcee1b,Windows-AMD64,2026-09-06T17:29:00+00:00,
near_parallel,twin rows differing by a relative 10^-k,13,73013,14,10,optimal,-443.9999999999999,-444.0,2.56051436309946e-16,,,1,8,0.0004774,,adcee1b,Windows-AMD64,2026-09-06T17:29:00+00:00,
near_parallel,twin rows differing by a relative 10^-k,14,71014,14,10,optimal,3.9999999999999787,4.0,5.329070518200751e-15,,,1,10,0.0013247,,adcee1b,Windows-AMD64,2026-09-06T17:29:00+00:00,
near_parallel,twin rows differing by a relative 10^-k,14,72014,14,10,optimal,94.00000000000018,94.0,1.965330971251341e-15,,,1,9,0.0004589,,adcee1b,Windows-AMD64,2026-09-06T17:29:00+00:00,
near_parallel,twin rows differing by a relative 10^-k,14,73014,14,10,optimal,-31.99999999999997,-32.0,8.881784197001252e-16,,,1,11,0.0008815,,adcee1b,Windows-AMD64,2026-09-06T17:29:00+00:00,
near_parallel,twin rows differing by a relative 10^-k,15,71015,14,10,optimal,475.0,475.0,0.0,,,1,8,0.0003831,,adcee1b,Windows-AMD64,2026-09-06T17:29:00+00:00,
near_parallel,twin rows differing by a relative 10^-k,15,72015,14,10,optimal,88.0,88.0,0.0,,,1,11,0.0004323,,adcee1b,Windows-AMD64,2026-09-06T17:29:00+00:00,
near_parallel,twin rows differing by a relative 10^-k,15,73015,14,10,optimal,-291.0,-291.0,0.0,,,1,8,0.0003906,,adcee1b,Windows-AMD64,2026-09-06T17:29:00+00:00,
near_parallel,twin rows differing by a relative 10^-k,16,71016,14,10,optimal,95.00000000000003,95.0,2.991758887410948e-16,,,1,12,0.0007384,,adcee1b,Windows-AMD64,2026-09-06T17:29:00+00:00,
near_parallel,twin rows differing by a relative 10^-k,16,72016,14,10,optimal,63.00000000000003,63.0,4.511382449270477e-16,,,1,8,0.0004258,,adcee1b,Windows-AMD64,2026-09-06T17:29:00+00:00,
near_parallel,twin rows differing by a relative 10^-k,16,73016,14,10,optimal,-74.0,-74.0,0.0,,,1,14,0.0005268,,adcee1b,Windows-AMD64,2026-09-06T17:29:00+00:00,
cost_ratio,costs spanning 10^k,0,71000,10,12,optimal,7.9999999999999964,8.0,4.440892098500626e-16,,,1,9,0.0004113,,adcee1b,Windows-AMD64,2026-09-06T17:29:00+00:00,
cost_ratio,costs spanning 10^k,0,72000,10,12,optimal,325.0,325.0,0.0,,,1,16,0.0004537,,adcee1b,Windows-AMD64,2026-09-06T17:29:00+00:00,
cost_ratio,costs spanning 10^k,0,73000,10,12,optimal,-143.99999999999994,-144.0,3.9474596431116675e-16,,,1,15,0.0004268,,adcee1b,Windows-AMD64,2026-09-06T17:29:00+00:00,
cost_ratio,costs spanning 10^k,1,71001,10,12,optimal,-2842.9999999999995,-2843.0,1.5995334185243198e-16,,,1,14,0.0004232,,adcee1b,Windows-AMD64,2026-09-06T17:29:00+00:00,
cost_ratio,costs spanning 10^k,1,72001,10,12,optimal,-2536.0,-2536.0,0.0,,,1,16,0.0008917,,adcee1b,Windows-AMD64,2026-09-06T17:29:00+00:00,
cost_ratio,costs spanning 10^k,1,73001,10,12,optimal,1770.0000000000005,1770.0,2.569194072804882e-16,,,1,13,0.0004748,,adcee1b,Windows-AMD64,2026-09-06T17:29:00+00:00,
cost_ratio,costs spanning 10^k,2,71002,10,12,optimal,211.00000000000006,211.0,2.6940008938771573e-16,,,1,12,0.0005951,,adcee1b,Windows-AMD64,2026-09-06T17:29:00+00:00,
cost_ratio,costs spanning 10^k,2,72002,10,12,optimal,-3719.999999999998,-3720.0,4.889756461144775e-16,,,1,16,0.0006088,,adcee1b,Windows-AMD64,2026-09-06T17:29:00+00:00,
cost_ratio,costs spanning 10^k,2,73002,10,12,optimal,19310.0,19310.0,0.0,,,1,12,0.000415,,adcee1b,Windows-AMD64,2026-09-06T17:29:00+00:00,
cost_ratio,costs spanning 10^k,3,71003,10,12,optimal,81162.99999999996,81163.0,5.378774279548632e-16,,,1,11,0.0009906,,adcee1b,Windows-AMD64,2026-09-06T17:29:00+00:00,
cost_ratio,costs spanning 10^k,3,72003,10,12,optimal,-7810.0,-7810.0,0.0,,,1,9,0.0008333,,adcee1b,Windows-AMD64,2026-09-06T17:29:00+00:00,
cost_ratio,costs spanning 10^k,3,73003,10,12,optimal,-12800.0,-12800.0,0.0,,,1,12,0.0004207,,adcee1b,Windows-AMD64,2026-09-06T17:29:00+00:00,
cost_ratio,costs spanning 10^k,4,71004,10,12,optimal,-1691065.0000000005,-1691065.0,2.753656939903193e-16,,,1,16,0.0005292,,adcee1b,Windows-AMD64,2026-09-06T17:29:00+00:00,
cost_ratio,costs spanning 10^k,4,72004,10,12,optimal,-44020.00000000003,-44020.0,6.611501693942231e-16,,,1,9,0.0003837,,adcee1b,Windows-AMD64,2026-09-06T17:29:00+00:00,
cost_ratio,costs spanning 10^k,4,73004,10,12,optimal,-1611900.0,-1611900.0,0.0,,,1,14,0.0005103,,adcee1b,Windows-AMD64,2026-09-06T17:29:00+00:00,
cost_ratio,costs spanning 10^k,5,71005,10,12,optimal,-102032.0000000007,-102032.0,6.845812401615266e-15,,,1,12,0.0004401,,adcee1b,Windows-AMD64,2026-09-06T17:29:00+00:00,
cost_ratio,costs spanning 10^k,5,72005,10,12,optimal,2932450.0,2932450.0,0.0,,,1,16,0.0005215,,adcee1b,Windows-AMD64,2026-09-06T17:29:00+00:00,
cost_ratio,costs spanning 10^k,5,73005,10,12,optimal,4810207.000000002,4810207.0,3.8722764929470955e-16,,,1,22,0.0009944,,adcee1b,Windows-AMD64,2026-09-06T17:29:00+00:00,
cost_ratio,costs spanning 10^k,6,71006,10,12,optimal,-21598959.999999996,-21598960.0,1.7247544782072442e-16,,,1,14,0.0004134,,adcee1b,Windows-AMD64,2026-09-06T17:29:00+00:00,
cost_ratio,costs spanning 10^k,6,72006,10,12,optimal,-234777.0,-234777.0,0.0,,,1,18,0.0011994,,adcee1b,Windows-AMD64,2026-09-06T17:29:00+00:00,
cost_ratio,costs spanning 10^k,6,73006,10,12,optimal,31010149.99999997,31010150.0,9.610505717545807e-16,,,1,12,0.0004354,,adcee1b,Windows-AMD64,2026-09-06T17:29:00+00:00,
cost_ratio,costs spanning 10^k,7,71007,10,12,optimal,-870000006.0,-870000006.0,0.0,,,1,8,0.0003839,,adcee1b,Windows-AMD64,2026-09-06T17:29:00+00:00,
cost_ratio,costs spanning 10^k,7,72007,10,12,optimal,-559705.9999999999,-559706.0,2.079936999548599e-16,,,1,18,0.0005774,,adcee1b,Windows-AMD64,2026-09-06T17:29:00+00:00,
cost_ratio,costs spanning 10^k,7,73007,10,12,optimal,-85125810.00000001,-85125810.0,1.7504868610175523e-16,,,1,12,0.000434,,adcee1b,Windows-AMD64,2026-09-06T17:29:00+00:00,
cost_ratio,costs spanning 10^k,8,71008,10,12,optimal,-1101180135.0000005,-1101180135.0,4.3302375610247e-16,,,1,17,0.0007581,,adcee1b,Windows-AMD64,2026-09-06T17:29:00+00:00,
cost_ratio,costs spanning 10^k,8,72008,10,12,optimal,1379504025.0,1379504025.0,0.0,,,1,18,0.0004802,,adcee1b,Windows-AMD64,2026-09-06T17:29:00+00:00,
cost_ratio,costs spanning 10^k,8,73008,10,12,optimal,1553873000.0,1553873000.0,0.0,,,1,16,0.0004577,,adcee1b,Windows-AMD64,2026-09-06T17:29:00+00:00,
cost_ratio,costs spanning 10^k,9,71009,10,12,optimal,-11411335.0,-11411335.0,0.0,,,1,12,0.0006386,,adcee1b,Windows-AMD64,2026-09-06T17:29:00+00:00,
cost_ratio,costs spanning 10^k,9,72009,10,12,optimal,2980501349.9999995,2980501350.0,1.5998555350532722e-16,,,1,17,0.0007205,,adcee1b,Windows-AMD64,2026-09-06T17:29:00+00:00,
cost_ratio,costs spanning 10^k,9,73009,10,12,optimal,20027705080.0,20027705080.0,0.0,,,1,13,0.0011795,,adcee1b,Windows-AMD64,2026-09-06T17:29:00+00:00,
cost_ratio,costs spanning 10^k,10,71010,10,12,optimal,1187850090700.0,1187850090700.0,0.0,,,1,21,0.0011935,,adcee1b,Windows-AMD64,2026-09-06T17:29:00+00:00,
cost_ratio,costs spanning 10^k,10,72010,10,12,optimal,-3174066799999.9995,-3174066800000.0,1.5383458533386885e-16,,,1,13,0.001285,,adcee1b,Windows-AMD64,2026-09-06T17:29:00+00:00,
cost_ratio,costs spanning 10^k,10,73010,10,12,optimal,-133004193040.00008,-133004193040.0,5.736206022433832e-16,,,0,12,0.0004022,[FAIL] complementary slackness     worst |multiplier| * slack = 1.599e-05 on R4,adcee1b,Windows-AMD64,2026-09-06T17:29:00+00:00,
cost_ratio,costs spanning 10^k,11,71011,10,12,optimal,-8303199989160.001,-8303199989160.0,1.1761278799437838e-16,,,1,10,0.0004163,,adcee1b,Windows-AMD64,2026-09-06T17:29:00+00:00,
cost_ratio,costs spanning 10^k,11,72011,10,12,feasible,120000545850.00009,120000545850.0,7.629359827199486e-16,,,1,13,0.0004616,"engine reported optimal but the reduced costs violate dual feasibility by 2.608e-05 (1.934e-05 relative to the terms they are computed from), above the 1.0e-07 tolerance; reporting a feasible point ra",adcee1b,Windows-AMD64,2026-09-06T17:29:00+00:00,
cost_ratio,costs spanning 10^k,11,73011,10,12,optimal,1008568270.0,1008568270.0,0.0,,,1,11,0.0003874,,adcee1b,Windows-AMD64,2026-09-06T17:29:00+00:00,
cost_ratio,costs spanning 10^k,12,71012,10,12,optimal,-17733997200.0,-17733997200.0,0.0,,,0,13,0.00106,[FAIL] complementary slackness     worst |multiplier| * slack = 2.132e-06 on R5,adcee1b,Windows-AMD64,2026-09-06T17:29:00+00:00,
cost_ratio,costs spanning 10^k,12,72012,10,12,optimal,16600047635.0,16600047635.0,0.0,,,1,12,0.0009734,,adcee1b,Windows-AMD64,2026-09-06T17:29:00+00:00,
cost_ratio,costs spanning 10^k,12,73012,10,12,optimal,11890011799.999958,11890011800.0,3.529152924968081e-15,,,1,10,0.0006552,,adcee1b,Windows-AMD64,2026-09-06T17:29:00+00:00,
cost_ratio,costs spanning 10^k,13,71013,10,12,optimal,-7680040001256.0,-7680040001256.0,0.0,,,1,10,0.0004837,,adcee1b,Windows-AMD64,2026-09-06T17:29:00+00:00,
cost_ratio,costs spanning 10^k,13,72013,10,12,optimal,1320215982.9999995,1320215983.0,3.6118117364371053e-16,,,1,12,0.0004685,,adcee1b,Windows-AMD64,2026-09-06T17:29:00+00:00,
cost_ratio,costs spanning 10^k,13,73013,10,12,optimal,-6100916785479.998,-6100916785480.0,3.201363120782731e-16,,,0,12,0.0009105,[FAIL] complementary slackness     worst |multiplier| * slack = 2.842e-03 on R1,adcee1b,Windows-AMD64,2026-09-06T17:29:00+00:00,
cost_ratio,costs spanning 10^k,14,71014,10,12,optimal,-149907999572740.0,-149907999572740.0,0.0,,,1,10,0.0007414,,adcee1b,Windows-AMD64,2026-09-06T17:29:00+00:00,
cost_ratio,costs spanning 10^k,14,72014,10,12,optimal,-670000015436999.5,-670000015437000.0,7.462686395221657e-16,,,0,11,0.0004322,[FAIL] complementary slackness     worst |multiplier| * slack = 7.105e-01 on R4,adcee1b,Windows-AMD64,2026-09-06T17:29:00+00:00,
cost_ratio,costs spanning 10^k,14,73014,10,12,optimal,6199991997900.002,6199991997900.0,3.150205678751752e-16,,,1,13,0.0004385,,adcee1b,Windows-AMD64,2026-09-06T17:29:00+00:00,
cost_ratio,costs spanning 10^k,15,71015,10,12,optimal,1.6000002099945398e+17,1.60000020999454e+17,1.9999997375068592e-16,,,0,11,0.0004328,[FAIL] complementary slackness     worst |multiplier| * slack = 3.553e-06 on R4,adcee1b,Windows-AMD64,2026-09-06T17:29:00+00:00,
cost_ratio,costs spanning 10^k,15,72015,10,12,optimal,-7800400004399688.0,-7800400004399680.0,1.025588430784029e-15,,,0,17,0.0004673,[FAIL] complementary slackness     worst |multiplier| * slack = 7.105e+01 on R1,adcee1b,Windows-AMD64,2026-09-06T17:29:00+00:00,
cost_ratio,costs spanning 10^k,15,73015,10,12,optimal,521740003398800.0,521740003398800.0,0.0,,,0,13,0.0005341,[FAIL] complementary slackness     worst |multiplier| * slack = 2.132e-02 on R4,adcee1b,Windows-AMD64,2026-09-06T17:29:00+00:00,
cost_ratio,costs spanning 10^k,16,71016,10,12,optimal,1953479970000000.0,1953479970000000.0,0.0,,,0,14,0.0004367,[FAIL] complementary slackness     worst |multiplier| * slack = 3.553e-01 on R0,adcee1b,Windows-AMD64,2026-09-06T17:29:00+00:00,
cost_ratio,costs spanning 10^k,16,72016,10,12,optimal,6.900014185e+17,6.900014185e+17,0.0,,,1,16,0.0007729,,adcee1b,Windows-AMD64,2026-09-06T17:29:00+00:00,
cost_ratio,costs spanning 10^k,16,73016,10,12,optimal,2.0006459997899988e+16,2.0006459997899996e+16,3.99870841760098e-16,,,0,10,0.0006551,[FAIL] complementary slackness     worst |multiplier| * slack = 8.882e+00 on R4,adcee1b,Windows-AMD64,2026-09-06T17:29:00+00:00,
redundancy,k times the row count of implied rows,0,71000,8,10,optimal,-224.00000000000003,-224.0,1.2688263138573217e-16,,,1,8,0.0003723,,adcee1b,Windows-AMD64,2026-09-06T17:29:00+00:00,
redundancy,k times the row count of implied rows,0,72000,8,10,optimal,71.0,71.0,0.0,,,1,9,0.0003678,,adcee1b,Windows-AMD64,2026-09-06T17:29:00+00:00,
redundancy,k times the row count of implied rows,0,73000,8,10,optimal,-73.00000000000003,-73.0,3.893384853480001e-16,,,1,8,0.0003557,,adcee1b,Windows-AMD64,2026-09-06T17:29:00+00:00,
redundancy,k times the row count of implied rows,1,71001,16,10,optimal,-101.0,-101.0,0.0,,,1,9,0.0006387,,adcee1b,Windows-AMD64,2026-09-06T17:29:00+00:00,
redundancy,k times the row count of implied rows,1,72001,16,10,optimal,36.00000000000002,36.0,5.921189464667501e-16,,,1,9,0.0005909,,adcee1b,Windows-AMD64,2026-09-06T17:29:00+00:00,
redundancy,k times the row count of implied rows,1,73001,16,10,optimal,-286.0000000000001,-286.0,3.9750642560005605e-16,,,1,11,0.0006712,,adcee1b,Windows-AMD64,2026-09-06T17:29:00+00:00,
redundancy,k times the row count of implied rows,2,71002,24,10,optimal,-262.00000000000006,-262.0,2.1695961397254967e-16,,,1,10,0.0011293,,adcee1b,Windows-AMD64,2026-09-06T17:29:00+00:00,
redundancy,k times the row count of implied rows,2,72002,24,10,optimal,-143.00000000000003,-143.0,1.9875321280002802e-16,,,1,7,0.000513,,adcee1b,Windows-AMD64,2026-09-06T17:29:00+00:00,
redundancy,k times the row count of implied rows,2,73002,24,10,optimal,385.0,385.0,0.0,,,1,11,0.0007109,,adcee1b,Windows-AMD64,2026-09-06T17:29:00+00:00,
redundancy,k times the row count of implied rows,4,71004,40,10,optimal,90.99999999999999,91.0,1.5616323862859346e-16,,,1,14,0.0017116,,adcee1b,Windows-AMD64,2026-09-06T17:29:00+00:00,
redundancy,k times the row count of implied rows,4,72004,40,10,optimal,-54.00000000000002,-54.0,3.9474596431116675e-16,,,1,10,0.0020912,,adcee1b,Windows-AMD64,2026-09-06T17:29:00+00:00,
redundancy,k times the row count of implied rows,4,73004,40,10,optimal,41.00000000000003,41.0,6.932124251318051e-16,,,1,8,0.0013381,,adcee1b,Windows-AMD64,2026-09-06T17:29:00+00:00,
redundancy,k times the row count of implied rows,8,71008,72,10,optimal,-235.0,-235.0,0.0,,,1,7,0.0007482,,adcee1b,Windows-AMD64,2026-09-06T17:29:00+00:00,
redundancy,k times the row count of implied rows,8,72008,72,10,optimal,47.00000000000001,47.0,1.5117930548087238e-16,,,1,9,0.0022162,,adcee1b,Windows-AMD64,2026-09-06T17:29:00+00:00,
redundancy,k times the row count of implied rows,8,73008,72,10,optimal,86.99999999999986,87.0,1.6334315764600004e-15,,,1,22,0.0026458,,adcee1b,Windows-AMD64,2026-09-06T17:29:00+00:00,
redundancy,k times the row count of implied rows,16,71016,136,10,optimal,95.00000000000006,95.0,5.983517774821896e-16,,,1,10,0.002007,,adcee1b,Windows-AMD64,2026-09-06T17:29:00+00:00,
redundancy,k times the row count of implied rows,16,72016,136,10,optimal,62.99999999999996,63.0,6.767073673905716e-16,,,1,6,0.0014501,,adcee1b,Windows-AMD64,2026-09-06T17:29:00+00:00,
redundancy,k times the row count of implied rows,16,73016,136,10,optimal,-74.00000000000003,-74.0,3.8407715446491904e-16,,,1,9,0.0018361,,adcee1b,Windows-AMD64,2026-09-06T17:29:00+00:00,
redundancy,k times the row count of implied rows,32,71032,264,10,optimal,-58.0,-58.0,0.0,,,1,11,0.0029709,,adcee1b,Windows-AMD64,2026-09-06T17:29:00+00:00,
redundancy,k times the row count of implied rows,32,72032,264,10,optimal,71.00000000000003,71.0,4.0030576662540856e-16,,,1,6,0.0047147,,adcee1b,Windows-AMD64,2026-09-06T17:29:00+00:00,
redundancy,k times the row count of implied rows,32,73032,264,10,optimal,-319.00000000000006,-319.0,1.7819253561381822e-16,,,1,11,0.0030648,,adcee1b,Windows-AMD64,2026-09-06T17:29:00+00:00,
degeneracy,"k times the column count of rows, all active",1,71001,6,6,optimal,-239.99999999999997,-240.0,1.1842378929335003e-16,,,1,7,0.0003881,,adcee1b,Windows-AMD64,2026-09-06T17:29:00+00:00,
degeneracy,"k times the column count of rows, all active",1,72001,6,6,optimal,-52.99999999999999,-53.0,1.340646671245472e-16,,,1,6,0.0004778,,adcee1b,Windows-AMD64,2026-09-06T17:29:00+00:00,
degeneracy,"k times the column count of rows, all active",1,73001,6,6,optimal,-138.0,-138.0,0.0,,,1,5,0.0002942,,adcee1b,Windows-AMD64,2026-09-06T17:29:00+00:00,
degeneracy,"k times the column count of rows, all active",2,71002,12,6,optimal,-199.0,-199.0,0.0,,,1,6,0.0003471,,adcee1b,Windows-AMD64,2026-09-06T17:29:00+00:00,
degeneracy,"k times the column count of rows, all active",2,72002,12,6,optimal,177.0,177.0,0.0,,,1,4,0.0002833,,adcee1b,Windows-AMD64,2026-09-06T17:29:00+00:00,
degeneracy,"k times the column count of rows, all active",2,73002,12,6,optimal,194.0,194.0,0.0,,,1,4,0.0003308,,adcee1b,Windows-AMD64,2026-09-06T17:29:00+00:00,
degeneracy,"k times the column count of rows, all active",4,71004,24,6,optimal,-141.99999999999994,-142.0,4.0030576662540856e-16,,,1,6,0.0003998,,adcee1b,Windows-AMD64,2026-09-06T17:29:00+00:00,
degeneracy,"k times the column count of rows, all active",4,72004,24,6,optimal,639.9999999999999,640.0,1.7763568394002506e-16,,,1,5,0.0007704,,adcee1b,Windows-AMD64,2026-09-06T17:29:00+00:00,
degeneracy,"k times the column count of rows, all active",4,73004,24,6,optimal,-189.99999999999994,-190.0,2.991758887410948e-16,,,1,5,0.000787,,adcee1b,Windows-AMD64,2026-09-06T17:29:00+00:00,
degeneracy,"k times the column count of rows, all active",8,71008,48,6,optimal,-295.99999999999994,-296.0,1.9203857723245952e-16,,,1,1,0.0003412,,adcee1b,Windows-AMD64,2026-09-06T17:29:00+00:00,
degeneracy,"k times the column count of rows, all active",8,72008,48,6,optimal,-216.0,-216.0,0.0,,,1,0,0.000318,,adcee1b,Windows-AMD64,2026-09-06T17:29:00+00:00,
degeneracy,"k times the column count of rows, all active",8,73008,48,6,optimal,906.0000000000001,906.0,1.254821608406358e-16,,,1,6,0.0006219,,adcee1b,Windows-AMD64,2026-09-06T17:29:00+00:00,
degeneracy,"k times the column count of rows, all active",16,71016,96,6,optimal,-314.0,-314.0,0.0,,,1,0,0.0002475,,adcee1b,Windows-AMD64,2026-09-06T17:29:00+00:00,
degeneracy,"k times the column count of rows, all active",16,72016,96,6,optimal,-374.0,-374.0,0.0,,,1,0,0.0002017,,adcee1b,Windows-AMD64,2026-09-06T17:29:00+00:00,
degeneracy,"k times the column count of rows, all active",16,73016,96,6,optimal,1076.0,1076.0,0.0,,,1,0,0.0004294,,adcee1b,Windows-AMD64,2026-09-06T17:29:00+00:00,
degeneracy,"k times the column count of rows, all active",32,71032,192,6,optimal,154.0,154.0,0.0,,,1,0,0.0003329,,adcee1b,Windows-AMD64,2026-09-06T17:29:00+00:00,
degeneracy,"k times the column count of rows, all active",32,72032,192,6,optimal,13.0,13.0,0.0,,,1,0,0.0002625,,adcee1b,Windows-AMD64,2026-09-06T17:29:00+00:00,
degeneracy,"k times the column count of rows, all active",32,73032,192,6,optimal,-522.0,-522.0,0.0,,,1,0,0.0005737,,adcee1b,Windows-AMD64,2026-09-06T17:29:00+00:00,
degeneracy,"k times the column count of rows, all active",64,71064,384,6,optimal,-555.0,-555.0,0.0,,,1,0,0.000458,,adcee1b,Windows-AMD64,2026-09-06T17:29:00+00:00,
degeneracy,"k times the column count of rows, all active",64,72064,384,6,optimal,794.0,794.0,0.0,,,1,0,0.0004304,,adcee1b,Windows-AMD64,2026-09-06T17:29:00+00:00,
degeneracy,"k times the column count of rows, all active",64,73064,384,6,optimal,-657.0,-657.0,0.0,,,1,0,0.0008951,,adcee1b,Windows-AMD64,2026-09-06T17:29:00+00:00,
